case,scenario,member,weight,state,fixed_cost,multiplier,profitable,adopted,gain,action
scholarship,B0,scholarship-0,0.001953125,true_income=499995;reported_income=499995,0,0,False,False,0,reduce_work
scholarship,B0,scholarship-1,0.001953125,true_income=499995;reported_income=499995,0,0.5,False,False,0.0,reduce_work
scholarship,B0,scholarship-2,0.001953125,true_income=499995;reported_income=499995,0,1,False,False,0,reduce_work
scholarship,B0,scholarship-3,0.001953125,true_income=499995;reported_income=499995,0,2,False,False,0,reduce_work
scholarship,B0,scholarship-4,0.001953125,true_income=499995;reported_income=499995,1,0,False,False,-1,reduce_work
scholarship,B0,scholarship-5,0.001953125,true_income=499995;reported_income=499995,1,0.5,False,False,-1.0,reduce_work
scholarship,B0,scholarship-6,0.001953125,true_income=499995;reported_income=499995,1,1,False,False,-1,reduce_work
scholarship,B0,scholarship-7,0.001953125,true_income=499995;reported_income=499995,1,2,False,False,-1,reduce_work
scholarship,B0,scholarship-8,0.001953125,true_income=499995;reported_income=499995,10,0,False,False,-10,reduce_work
scholarship,B0,scholarship-9,0.001953125,true_income=499995;reported_income=499995,10,0.5,False,False,-10.0,reduce_work
scholarship,B0,scholarship-10,0.001953125,true_income=499995;reported_income=499995,10,1,False,False,-10,reduce_work
scholarship,B0,scholarship-11,0.001953125,true_income=499995;reported_income=499995,10,2,False,False,-10,reduce_work
scholarship,B0,scholarship-12,0.001953125,true_income=499995;reported_income=499995,100,0,False,False,-100,reduce_work
scholarship,B0,scholarship-13,0.001953125,true_income=499995;reported_income=499995,100,0.5,False,False,-100.0,reduce_work
scholarship,B0,scholarship-14,0.001953125,true_income=499995;reported_income=499995,100,1,False,False,-100,reduce_work
scholarship,B0,scholarship-15,0.001953125,true_income=499995;reported_income=499995,100,2,False,False,-100,reduce_work
scholarship,B0,scholarship-16,0.001953125,true_income=499995;reported_income=499995,1000,0,False,False,-1000,reduce_work
scholarship,B0,scholarship-17,0.001953125,true_income=499995;reported_income=499995,1000,0.5,False,False,-1000.0,reduce_work
scholarship,B0,scholarship-18,0.001953125,true_income=499995;reported_income=499995,1000,1,False,False,-1000,reduce_work
scholarship,B0,scholarship-19,0.001953125,true_income=499995;reported_income=499995,1000,2,False,False,-1000,reduce_work
scholarship,B0,scholarship-20,0.001953125,true_income=499995;reported_income=499995,50000,0,False,False,-50000,reduce_work
scholarship,B0,scholarship-21,0.001953125,true_income=499995;reported_income=499995,50000,0.5,False,False,-50000.0,reduce_work
scholarship,B0,scholarship-22,0.001953125,true_income=499995;reported_income=499995,50000,1,False,False,-50000,reduce_work
scholarship,B0,scholarship-23,0.001953125,true_income=499995;reported_income=499995,50000,2,False,False,-50000,reduce_work
scholarship,B0,scholarship-24,0.001953125,true_income=499995;reported_income=499995,99999,0,False,False,-99999,reduce_work
scholarship,B0,scholarship-25,0.001953125,true_income=499995;reported_income=499995,99999,0.5,False,False,-99999.0,reduce_work
scholarship,B0,scholarship-26,0.001953125,true_income=499995;reported_income=499995,99999,1,False,False,-99999,reduce_work
scholarship,B0,scholarship-27,0.001953125,true_income=499995;reported_income=499995,99999,2,False,False,-99999,reduce_work
scholarship,B0,scholarship-28,0.001953125,true_income=499995;reported_income=499995,100000,0,False,False,-100000,reduce_work
scholarship,B0,scholarship-29,0.001953125,true_income=499995;reported_income=499995,100000,0.5,False,False,-100000.0,reduce_work
scholarship,B0,scholarship-30,0.001953125,true_income=499995;reported_income=499995,100000,1,False,False,-100000,reduce_work
scholarship,B0,scholarship-31,0.001953125,true_income=499995;reported_income=499995,100000,2,False,False,-100000,reduce_work
scholarship,B0,scholarship-32,0.001953125,true_income=499996;reported_income=499996,0,0,False,False,0,reduce_work
scholarship,B0,scholarship-33,0.001953125,true_income=499996;reported_income=499996,0,0.5,False,False,0.0,reduce_work
scholarship,B0,scholarship-34,0.001953125,true_income=499996;reported_income=499996,0,1,False,False,0,reduce_work
scholarship,B0,scholarship-35,0.001953125,true_income=499996;reported_income=499996,0,2,False,False,0,reduce_work
scholarship,B0,scholarship-36,0.001953125,true_income=499996;reported_income=499996,1,0,False,False,-1,reduce_work
scholarship,B0,scholarship-37,0.001953125,true_income=499996;reported_income=499996,1,0.5,False,False,-1.0,reduce_work
scholarship,B0,scholarship-38,0.001953125,true_income=499996;reported_income=499996,1,1,False,False,-1,reduce_work
scholarship,B0,scholarship-39,0.001953125,true_income=499996;reported_income=499996,1,2,False,False,-1,reduce_work
scholarship,B0,scholarship-40,0.001953125,true_income=499996;reported_income=499996,10,0,False,False,-10,reduce_work
scholarship,B0,scholarship-41,0.001953125,true_income=499996;reported_income=499996,10,0.5,False,False,-10.0,reduce_work
scholarship,B0,scholarship-42,0.001953125,true_income=499996;reported_income=499996,10,1,False,False,-10,reduce_work
scholarship,B0,scholarship-43,0.001953125,true_income=499996;reported_income=499996,10,2,False,False,-10,reduce_work
scholarship,B0,scholarship-44,0.001953125,true_income=499996;reported_income=499996,100,0,False,False,-100,reduce_work
scholarship,B0,scholarship-45,0.001953125,true_income=499996;reported_income=499996,100,0.5,False,False,-100.0,reduce_work
scholarship,B0,scholarship-46,0.001953125,true_income=499996;reported_income=499996,100,1,False,False,-100,reduce_work
scholarship,B0,scholarship-47,0.001953125,true_income=499996;reported_income=499996,100,2,False,False,-100,reduce_work
scholarship,B0,scholarship-48,0.001953125,true_income=499996;reported_income=499996,1000,0,False,False,-1000,reduce_work
scholarship,B0,scholarship-49,0.001953125,true_income=499996;reported_income=499996,1000,0.5,False,False,-1000.0,reduce_work
scholarship,B0,scholarship-50,0.001953125,true_income=499996;reported_income=499996,1000,1,False,False,-1000,reduce_work
scholarship,B0,scholarship-51,0.001953125,true_income=499996;reported_income=499996,1000,2,False,False,-1000,reduce_work
scholarship,B0,scholarship-52,0.001953125,true_income=499996;reported_income=499996,50000,0,False,False,-50000,reduce_work
scholarship,B0,scholarship-53,0.001953125,true_income=499996;reported_income=499996,50000,0.5,False,False,-50000.0,reduce_work
scholarship,B0,scholarship-54,0.001953125,true_income=499996;reported_income=499996,50000,1,False,False,-50000,reduce_work
scholarship,B0,scholarship-55,0.001953125,true_income=499996;reported_income=499996,50000,2,False,False,-50000,reduce_work
scholarship,B0,scholarship-56,0.001953125,true_income=499996;reported_income=499996,99999,0,False,False,-99999,reduce_work
scholarship,B0,scholarship-57,0.001953125,true_income=499996;reported_income=499996,99999,0.5,False,False,-99999.0,reduce_work
scholarship,B0,scholarship-58,0.001953125,true_income=499996;reported_income=499996,99999,1,False,False,-99999,reduce_work
scholarship,B0,scholarship-59,0.001953125,true_income=499996;reported_income=499996,99999,2,False,False,-99999,reduce_work
scholarship,B0,scholarship-60,0.001953125,true_income=499996;reported_income=499996,100000,0,False,False,-100000,reduce_work
scholarship,B0,scholarship-61,0.001953125,true_income=499996;reported_income=499996,100000,0.5,False,False,-100000.0,reduce_work
scholarship,B0,scholarship-62,0.001953125,true_income=499996;reported_income=499996,100000,1,False,False,-100000,reduce_work
scholarship,B0,scholarship-63,0.001953125,true_income=499996;reported_income=499996,100000,2,False,False,-100000,reduce_work
scholarship,B0,scholarship-64,0.001953125,true_income=499997;reported_income=499997,0,0,False,False,0,reduce_work
scholarship,B0,scholarship-65,0.001953125,true_income=499997;reported_income=499997,0,0.5,False,False,0.0,reduce_work
scholarship,B0,scholarship-66,0.001953125,true_income=499997;reported_income=499997,0,1,False,False,0,reduce_work
scholarship,B0,scholarship-67,0.001953125,true_income=499997;reported_income=499997,0,2,False,False,0,reduce_work
scholarship,B0,scholarship-68,0.001953125,true_income=499997;reported_income=499997,1,0,False,False,-1,reduce_work
scholarship,B0,scholarship-69,0.001953125,true_income=499997;reported_income=499997,1,0.5,False,False,-1.0,reduce_work
scholarship,B0,scholarship-70,0.001953125,true_income=499997;reported_income=499997,1,1,False,False,-1,reduce_work
scholarship,B0,scholarship-71,0.001953125,true_income=499997;reported_income=499997,1,2,False,False,-1,reduce_work
scholarship,B0,scholarship-72,0.001953125,true_income=499997;reported_income=499997,10,0,False,False,-10,reduce_work
scholarship,B0,scholarship-73,0.001953125,true_income=499997;reported_income=499997,10,0.5,False,False,-10.0,reduce_work
scholarship,B0,scholarship-74,0.001953125,true_income=499997;reported_income=499997,10,1,False,False,-10,reduce_work
scholarship,B0,scholarship-75,0.001953125,true_income=499997;reported_income=499997,10,2,False,False,-10,reduce_work
scholarship,B0,scholarship-76,0.001953125,true_income=499997;reported_income=499997,100,0,False,False,-100,reduce_work
scholarship,B0,scholarship-77,0.001953125,true_income=499997;reported_income=499997,100,0.5,False,False,-100.0,reduce_work
scholarship,B0,scholarship-78,0.001953125,true_income=499997;reported_income=499997,100,1,False,False,-100,reduce_work
scholarship,B0,scholarship-79,0.001953125,true_income=499997;reported_income=499997,100,2,False,False,-100,reduce_work
scholarship,B0,scholarship-80,0.001953125,true_income=499997;reported_income=499997,1000,0,False,False,-1000,reduce_work
scholarship,B0,scholarship-81,0.001953125,true_income=499997;reported_income=499997,1000,0.5,False,False,-1000.0,reduce_work
scholarship,B0,scholarship-82,0.001953125,true_income=499997;reported_income=499997,1000,1,False,False,-1000,reduce_work
scholarship,B0,scholarship-83,0.001953125,true_income=499997;reported_income=499997,1000,2,False,False,-1000,reduce_work
scholarship,B0,scholarship-84,0.001953125,true_income=499997;reported_income=499997,50000,0,False,False,-50000,reduce_work
scholarship,B0,scholarship-85,0.001953125,true_income=499997;reported_income=499997,50000,0.5,False,False,-50000.0,reduce_work
scholarship,B0,scholarship-86,0.001953125,true_income=499997;reported_income=499997,50000,1,False,False,-50000,reduce_work
scholarship,B0,scholarship-87,0.001953125,true_income=499997;reported_income=499997,50000,2,False,False,-50000,reduce_work
scholarship,B0,scholarship-88,0.001953125,true_income=499997;reported_income=499997,99999,0,False,False,-99999,reduce_work
scholarship,B0,scholarship-89,0.001953125,true_income=499997;reported_income=499997,99999,0.5,False,False,-99999.0,reduce_work
scholarship,B0,scholarship-90,0.001953125,true_income=499997;reported_income=499997,99999,1,False,False,-99999,reduce_work
scholarship,B0,scholarship-91,0.001953125,true_income=499997;reported_income=499997,99999,2,False,False,-99999,reduce_work
scholarship,B0,scholarship-92,0.001953125,true_income=499997;reported_income=499997,100000,0,False,False,-100000,reduce_work
scholarship,B0,scholarship-93,0.001953125,true_income=499997;reported_income=499997,100000,0.5,False,False,-100000.0,reduce_work
scholarship,B0,scholarship-94,0.001953125,true_income=499997;reported_income=499997,100000,1,False,False,-100000,reduce_work
scholarship,B0,scholarship-95,0.001953125,true_income=499997;reported_income=499997,100000,2,False,False,-100000,reduce_work
scholarship,B0,scholarship-96,0.001953125,true_income=499998;reported_income=499998,0,0,False,False,0,reduce_work
scholarship,B0,scholarship-97,0.001953125,true_income=499998;reported_income=499998,0,0.5,False,False,0.0,reduce_work
scholarship,B0,scholarship-98,0.001953125,true_income=499998;reported_income=499998,0,1,False,False,0,reduce_work
scholarship,B0,scholarship-99,0.001953125,true_income=499998;reported_income=499998,0,2,False,False,0,reduce_work
scholarship,B0,scholarship-100,0.001953125,true_income=499998;reported_income=499998,1,0,False,False,-1,reduce_work
scholarship,B0,scholarship-101,0.001953125,true_income=499998;reported_income=499998,1,0.5,False,False,-1.0,reduce_work
scholarship,B0,scholarship-102,0.001953125,true_income=499998;reported_income=499998,1,1,False,False,-1,reduce_work
scholarship,B0,scholarship-103,0.001953125,true_income=499998;reported_income=499998,1,2,False,False,-1,reduce_work
scholarship,B0,scholarship-104,0.001953125,true_income=499998;reported_income=499998,10,0,False,False,-10,reduce_work
scholarship,B0,scholarship-105,0.001953125,true_income=499998;reported_income=499998,10,0.5,False,False,-10.0,reduce_work
scholarship,B0,scholarship-106,0.001953125,true_income=499998;reported_income=499998,10,1,False,False,-10,reduce_work
scholarship,B0,scholarship-107,0.001953125,true_income=499998;reported_income=499998,10,2,False,False,-10,reduce_work
scholarship,B0,scholarship-108,0.001953125,true_income=499998;reported_income=499998,100,0,False,False,-100,reduce_work
scholarship,B0,scholarship-109,0.001953125,true_income=499998;reported_income=499998,100,0.5,False,False,-100.0,reduce_work
scholarship,B0,scholarship-110,0.001953125,true_income=499998;reported_income=499998,100,1,False,False,-100,reduce_work
scholarship,B0,scholarship-111,0.001953125,true_income=499998;reported_income=499998,100,2,False,False,-100,reduce_work
scholarship,B0,scholarship-112,0.001953125,true_income=499998;reported_income=499998,1000,0,False,False,-1000,reduce_work
scholarship,B0,scholarship-113,0.001953125,true_income=499998;reported_income=499998,1000,0.5,False,False,-1000.0,reduce_work
scholarship,B0,scholarship-114,0.001953125,true_income=499998;reported_income=499998,1000,1,False,False,-1000,reduce_work
scholarship,B0,scholarship-115,0.001953125,true_income=499998;reported_income=499998,1000,2,False,False,-1000,reduce_work
scholarship,B0,scholarship-116,0.001953125,true_income=499998;reported_income=499998,50000,0,False,False,-50000,reduce_work
scholarship,B0,scholarship-117,0.001953125,true_income=499998;reported_income=499998,50000,0.5,False,False,-50000.0,reduce_work
scholarship,B0,scholarship-118,0.001953125,true_income=499998;reported_income=499998,50000,1,False,False,-50000,reduce_work
scholarship,B0,scholarship-119,0.001953125,true_income=499998;reported_income=499998,50000,2,False,False,-50000,reduce_work
scholarship,B0,scholarship-120,0.001953125,true_income=499998;reported_income=499998,99999,0,False,False,-99999,reduce_work
scholarship,B0,scholarship-121,0.001953125,true_income=499998;reported_income=499998,99999,0.5,False,False,-99999.0,reduce_work
scholarship,B0,scholarship-122,0.001953125,true_income=499998;reported_income=499998,99999,1,False,False,-99999,reduce_work
scholarship,B0,scholarship-123,0.001953125,true_income=499998;reported_income=499998,99999,2,False,False,-99999,reduce_work
scholarship,B0,scholarship-124,0.001953125,true_income=499998;reported_income=499998,100000,0,False,False,-100000,reduce_work
scholarship,B0,scholarship-125,0.001953125,true_income=499998;reported_income=499998,100000,0.5,False,False,-100000.0,reduce_work
scholarship,B0,scholarship-126,0.001953125,true_income=499998;reported_income=499998,100000,1,False,False,-100000,reduce_work
scholarship,B0,scholarship-127,0.001953125,true_income=499998;reported_income=499998,100000,2,False,False,-100000,reduce_work
scholarship,B0,scholarship-128,0.001953125,true_income=499999;reported_income=499999,0,0,False,False,0,reduce_work
scholarship,B0,scholarship-129,0.001953125,true_income=499999;reported_income=499999,0,0.5,False,False,0.0,reduce_work
scholarship,B0,scholarship-130,0.001953125,true_income=499999;reported_income=499999,0,1,False,False,0,reduce_work
scholarship,B0,scholarship-131,0.001953125,true_income=499999;reported_income=499999,0,2,False,False,0,reduce_work
scholarship,B0,scholarship-132,0.001953125,true_income=499999;reported_income=499999,1,0,False,False,-1,reduce_work
scholarship,B0,scholarship-133,0.001953125,true_income=499999;reported_income=499999,1,0.5,False,False,-1.0,reduce_work
scholarship,B0,scholarship-134,0.001953125,true_income=499999;reported_income=499999,1,1,False,False,-1,reduce_work
scholarship,B0,scholarship-135,0.001953125,true_income=499999;reported_income=499999,1,2,False,False,-1,reduce_work
scholarship,B0,scholarship-136,0.001953125,true_income=499999;reported_income=499999,10,0,False,False,-10,reduce_work
scholarship,B0,scholarship-137,0.001953125,true_income=499999;reported_income=499999,10,0.5,False,False,-10.0,reduce_work
scholarship,B0,scholarship-138,0.001953125,true_income=499999;reported_income=499999,10,1,False,False,-10,reduce_work
scholarship,B0,scholarship-139,0.001953125,true_income=499999;reported_income=499999,10,2,False,False,-10,reduce_work
scholarship,B0,scholarship-140,0.001953125,true_income=499999;reported_income=499999,100,0,False,False,-100,reduce_work
scholarship,B0,scholarship-141,0.001953125,true_income=499999;reported_income=499999,100,0.5,False,False,-100.0,reduce_work
scholarship,B0,scholarship-142,0.001953125,true_income=499999;reported_income=499999,100,1,False,False,-100,reduce_work
scholarship,B0,scholarship-143,0.001953125,true_income=499999;reported_income=499999,100,2,False,False,-100,reduce_work
scholarship,B0,scholarship-144,0.001953125,true_income=499999;reported_income=499999,1000,0,False,False,-1000,reduce_work
scholarship,B0,scholarship-145,0.001953125,true_income=499999;reported_income=499999,1000,0.5,False,False,-1000.0,reduce_work
scholarship,B0,scholarship-146,0.001953125,true_income=499999;reported_income=499999,1000,1,False,False,-1000,reduce_work
scholarship,B0,scholarship-147,0.001953125,true_income=499999;reported_income=499999,1000,2,False,False,-1000,reduce_work
scholarship,B0,scholarship-148,0.001953125,true_income=499999;reported_income=499999,50000,0,False,False,-50000,reduce_work
scholarship,B0,scholarship-149,0.001953125,true_income=499999;reported_income=499999,50000,0.5,False,False,-50000.0,reduce_work
scholarship,B0,scholarship-150,0.001953125,true_income=499999;reported_income=499999,50000,1,False,False,-50000,reduce_work
scholarship,B0,scholarship-151,0.001953125,true_income=499999;reported_income=499999,50000,2,False,False,-50000,reduce_work
scholarship,B0,scholarship-152,0.001953125,true_income=499999;reported_income=499999,99999,0,False,False,-99999,reduce_work
scholarship,B0,scholarship-153,0.001953125,true_income=499999;reported_income=499999,99999,0.5,False,False,-99999.0,reduce_work
scholarship,B0,scholarship-154,0.001953125,true_income=499999;reported_income=499999,99999,1,False,False,-99999,reduce_work
scholarship,B0,scholarship-155,0.001953125,true_income=499999;reported_income=499999,99999,2,False,False,-99999,reduce_work
scholarship,B0,scholarship-156,0.001953125,true_income=499999;reported_income=499999,100000,0,False,False,-100000,reduce_work
scholarship,B0,scholarship-157,0.001953125,true_income=499999;reported_income=499999,100000,0.5,False,False,-100000.0,reduce_work
scholarship,B0,scholarship-158,0.001953125,true_income=499999;reported_income=499999,100000,1,False,False,-100000,reduce_work
scholarship,B0,scholarship-159,0.001953125,true_income=499999;reported_income=499999,100000,2,False,False,-100000,reduce_work
scholarship,B0,scholarship-160,0.001953125,true_income=499999;reported_income=499999,0,0,True,True,99999,reduce_work
scholarship,B0,scholarship-161,0.001953125,true_income=499999;reported_income=499999,0,0.5,True,True,99999.0,reduce_work
scholarship,B0,scholarship-162,0.001953125,true_income=499999;reported_income=499999,0,1,True,True,99999,reduce_work
scholarship,B0,scholarship-163,0.001953125,true_income=499999;reported_income=499999,0,2,True,True,99999,reduce_work
scholarship,B0,scholarship-164,0.001953125,true_income=499999;reported_income=499999,1,0,True,True,99998,reduce_work
scholarship,B0,scholarship-165,0.001953125,true_income=499999;reported_income=499999,1,0.5,True,True,99998.0,reduce_work
scholarship,B0,scholarship-166,0.001953125,true_income=499999;reported_income=499999,1,1,True,True,99998,reduce_work
scholarship,B0,scholarship-167,0.001953125,true_income=499999;reported_income=499999,1,2,True,True,99998,reduce_work
scholarship,B0,scholarship-168,0.001953125,true_income=499999;reported_income=499999,10,0,True,True,99989,reduce_work
scholarship,B0,scholarship-169,0.001953125,true_income=499999;reported_income=499999,10,0.5,True,True,99989.0,reduce_work
scholarship,B0,scholarship-170,0.001953125,true_income=499999;reported_income=499999,10,1,True,True,99989,reduce_work
scholarship,B0,scholarship-171,0.001953125,true_income=499999;reported_income=499999,10,2,True,True,99989,reduce_work
scholarship,B0,scholarship-172,0.001953125,true_income=499999;reported_income=499999,100,0,True,True,99899,reduce_work
scholarship,B0,scholarship-173,0.001953125,true_income=499999;reported_income=499999,100,0.5,True,True,99899.0,reduce_work
scholarship,B0,scholarship-174,0.001953125,true_income=499999;reported_income=499999,100,1,True,True,99899,reduce_work
scholarship,B0,scholarship-175,0.001953125,true_income=499999;reported_income=499999,100,2,True,True,99899,reduce_work
scholarship,B0,scholarship-176,0.001953125,true_income=499999;reported_income=499999,1000,0,True,True,98999,reduce_work
scholarship,B0,scholarship-177,0.001953125,true_income=499999;reported_income=499999,1000,0.5,True,True,98999.0,reduce_work
scholarship,B0,scholarship-178,0.001953125,true_income=499999;reported_income=499999,1000,1,True,True,98999,reduce_work
scholarship,B0,scholarship-179,0.001953125,true_income=499999;reported_income=499999,1000,2,True,True,98999,reduce_work
scholarship,B0,scholarship-180,0.001953125,true_income=499999;reported_income=499999,50000,0,True,True,49999,reduce_work
scholarship,B0,scholarship-181,0.001953125,true_income=499999;reported_income=499999,50000,0.5,True,True,49999.0,reduce_work
scholarship,B0,scholarship-182,0.001953125,true_income=499999;reported_income=499999,50000,1,True,True,49999,reduce_work
scholarship,B0,scholarship-183,0.001953125,true_income=499999;reported_income=499999,50000,2,True,True,49999,reduce_work
scholarship,B0,scholarship-184,0.001953125,true_income=500000;reported_income=500000,99999,0,False,False,0,reduce_work
scholarship,B0,scholarship-185,0.001953125,true_income=500000;reported_income=500000,99999,0.5,False,False,0.0,reduce_work
scholarship,B0,scholarship-186,0.001953125,true_income=500000;reported_income=500000,99999,1,False,False,0,reduce_work
scholarship,B0,scholarship-187,0.001953125,true_income=500000;reported_income=500000,99999,2,False,False,0,reduce_work
scholarship,B0,scholarship-188,0.001953125,true_income=500000;reported_income=500000,100000,0,False,False,-1,reduce_work
scholarship,B0,scholarship-189,0.001953125,true_income=500000;reported_income=500000,100000,0.5,False,False,-1.0,reduce_work
scholarship,B0,scholarship-190,0.001953125,true_income=500000;reported_income=500000,100000,1,False,False,-1,reduce_work
scholarship,B0,scholarship-191,0.001953125,true_income=500000;reported_income=500000,100000,2,False,False,-1,reduce_work
scholarship,B0,scholarship-192,0.001953125,true_income=499999;reported_income=499999,0,0,True,True,99998,reduce_work
scholarship,B0,scholarship-193,0.001953125,true_income=499999;reported_income=499999,0,0.5,True,True,99998.0,reduce_work
scholarship,B0,scholarship-194,0.001953125,true_income=499999;reported_income=499999,0,1,True,True,99998,reduce_work
scholarship,B0,scholarship-195,0.001953125,true_income=499999;reported_income=499999,0,2,True,True,99998,reduce_work
scholarship,B0,scholarship-196,0.001953125,true_income=499999;reported_income=499999,1,0,True,True,99997,reduce_work
scholarship,B0,scholarship-197,0.001953125,true_income=499999;reported_income=499999,1,0.5,True,True,99997.0,reduce_work
scholarship,B0,scholarship-198,0.001953125,true_income=499999;reported_income=499999,1,1,True,True,99997,reduce_work
scholarship,B0,scholarship-199,0.001953125,true_income=499999;reported_income=499999,1,2,True,True,99997,reduce_work
scholarship,B0,scholarship-200,0.001953125,true_income=499999;reported_income=499999,10,0,True,True,99988,reduce_work
scholarship,B0,scholarship-201,0.001953125,true_income=499999;reported_income=499999,10,0.5,True,True,99988.0,reduce_work
scholarship,B0,scholarship-202,0.001953125,true_income=499999;reported_income=499999,10,1,True,True,99988,reduce_work
scholarship,B0,scholarship-203,0.001953125,true_income=499999;reported_income=499999,10,2,True,True,99988,reduce_work
scholarship,B0,scholarship-204,0.001953125,true_income=499999;reported_income=499999,100,0,True,True,99898,reduce_work
scholarship,B0,scholarship-205,0.001953125,true_income=499999;reported_income=499999,100,0.5,True,True,99898.0,reduce_work
scholarship,B0,scholarship-206,0.001953125,true_income=499999;reported_income=499999,100,1,True,True,99898,reduce_work
scholarship,B0,scholarship-207,0.001953125,true_income=499999;reported_income=499999,100,2,True,True,99898,reduce_work
scholarship,B0,scholarship-208,0.001953125,true_income=499999;reported_income=499999,1000,0,True,True,98998,reduce_work
scholarship,B0,scholarship-209,0.001953125,true_income=499999;reported_income=499999,1000,0.5,True,True,98998.0,reduce_work
scholarship,B0,scholarship-210,0.001953125,true_income=499999;reported_income=499999,1000,1,True,True,98998,reduce_work
scholarship,B0,scholarship-211,0.001953125,true_income=499999;reported_income=499999,1000,2,True,True,98998,reduce_work
scholarship,B0,scholarship-212,0.001953125,true_income=499999;reported_income=499999,50000,0,True,True,49998,reduce_work
scholarship,B0,scholarship-213,0.001953125,true_income=499999;reported_income=499999,50000,0.5,True,True,49998.0,reduce_work
scholarship,B0,scholarship-214,0.001953125,true_income=499999;reported_income=499999,50000,1,True,True,49998,reduce_work
scholarship,B0,scholarship-215,0.001953125,true_income=499999;reported_income=499999,50000,2,True,True,49998,reduce_work
scholarship,B0,scholarship-216,0.001953125,true_income=500001;reported_income=500001,99999,0,False,False,-1,reduce_work
scholarship,B0,scholarship-217,0.001953125,true_income=500001;reported_income=500001,99999,0.5,False,False,-1.0,reduce_work
scholarship,B0,scholarship-218,0.001953125,true_income=500001;reported_income=500001,99999,1,False,False,-1,reduce_work
scholarship,B0,scholarship-219,0.001953125,true_income=500001;reported_income=500001,99999,2,False,False,-1,reduce_work
scholarship,B0,scholarship-220,0.001953125,true_income=500001;reported_income=500001,100000,0,False,False,-2,reduce_work
scholarship,B0,scholarship-221,0.001953125,true_income=500001;reported_income=500001,100000,0.5,False,False,-2.0,reduce_work
scholarship,B0,scholarship-222,0.001953125,true_income=500001;reported_income=500001,100000,1,False,False,-2,reduce_work
scholarship,B0,scholarship-223,0.001953125,true_income=500001;reported_income=500001,100000,2,False,False,-2,reduce_work
scholarship,B0,scholarship-224,0.001953125,true_income=499999;reported_income=499999,0,0,True,True,99997,reduce_work
scholarship,B0,scholarship-225,0.001953125,true_income=499999;reported_income=499999,0,0.5,True,True,99997.0,reduce_work
scholarship,B0,scholarship-226,0.001953125,true_income=499999;reported_income=499999,0,1,True,True,99997,reduce_work
scholarship,B0,scholarship-227,0.001953125,true_income=499999;reported_income=499999,0,2,True,True,99997,reduce_work
scholarship,B0,scholarship-228,0.001953125,true_income=499999;reported_income=499999,1,0,True,True,99996,reduce_work
scholarship,B0,scholarship-229,0.001953125,true_income=499999;reported_income=499999,1,0.5,True,True,99996.0,reduce_work
scholarship,B0,scholarship-230,0.001953125,true_income=499999;reported_income=499999,1,1,True,True,99996,reduce_work
scholarship,B0,scholarship-231,0.001953125,true_income=499999;reported_income=499999,1,2,True,True,99996,reduce_work
scholarship,B0,scholarship-232,0.001953125,true_income=499999;reported_income=499999,10,0,True,True,99987,reduce_work
scholarship,B0,scholarship-233,0.001953125,true_income=499999;reported_income=499999,10,0.5,True,True,99987.0,reduce_work
scholarship,B0,scholarship-234,0.001953125,true_income=499999;reported_income=499999,10,1,True,True,99987,reduce_work
scholarship,B0,scholarship-235,0.001953125,true_income=499999;reported_income=499999,10,2,True,True,99987,reduce_work
scholarship,B0,scholarship-236,0.001953125,true_income=499999;reported_income=499999,100,0,True,True,99897,reduce_work
scholarship,B0,scholarship-237,0.001953125,true_income=499999;reported_income=499999,100,0.5,True,True,99897.0,reduce_work
scholarship,B0,scholarship-238,0.001953125,true_income=499999;reported_income=499999,100,1,True,True,99897,reduce_work
scholarship,B0,scholarship-239,0.001953125,true_income=499999;reported_income=499999,100,2,True,True,99897,reduce_work
scholarship,B0,scholarship-240,0.001953125,true_income=499999;reported_income=499999,1000,0,True,True,98997,reduce_work
scholarship,B0,scholarship-241,0.001953125,true_income=499999;reported_income=499999,1000,0.5,True,True,98997.0,reduce_work
scholarship,B0,scholarship-242,0.001953125,true_income=499999;reported_income=499999,1000,1,True,True,98997,reduce_work
scholarship,B0,scholarship-243,0.001953125,true_income=499999;reported_income=499999,1000,2,True,True,98997,reduce_work
scholarship,B0,scholarship-244,0.001953125,true_income=499999;reported_income=499999,50000,0,True,True,49997,reduce_work
scholarship,B0,scholarship-245,0.001953125,true_income=499999;reported_income=499999,50000,0.5,True,True,49997.0,reduce_work
scholarship,B0,scholarship-246,0.001953125,true_income=499999;reported_income=499999,50000,1,True,True,49997,reduce_work
scholarship,B0,scholarship-247,0.001953125,true_income=499999;reported_income=499999,50000,2,True,True,49997,reduce_work
scholarship,B0,scholarship-248,0.001953125,true_income=500002;reported_income=500002,99999,0,False,False,-2,reduce_work
scholarship,B0,scholarship-249,0.001953125,true_income=500002;reported_income=500002,99999,0.5,False,False,-2.0,reduce_work
scholarship,B0,scholarship-250,0.001953125,true_income=500002;reported_income=500002,99999,1,False,False,-2,reduce_work
scholarship,B0,scholarship-251,0.001953125,true_income=500002;reported_income=500002,99999,2,False,False,-2,reduce_work
scholarship,B0,scholarship-252,0.001953125,true_income=500002;reported_income=500002,100000,0,False,False,-3,reduce_work
scholarship,B0,scholarship-253,0.001953125,true_income=500002;reported_income=500002,100000,0.5,False,False,-3.0,reduce_work
scholarship,B0,scholarship-254,0.001953125,true_income=500002;reported_income=500002,100000,1,False,False,-3,reduce_work
scholarship,B0,scholarship-255,0.001953125,true_income=500002;reported_income=500002,100000,2,False,False,-3,reduce_work
scholarship,B0,scholarship-256,0.001953125,true_income=499999;reported_income=499999,0,0,True,True,99996,reduce_work
scholarship,B0,scholarship-257,0.001953125,true_income=499999;reported_income=499999,0,0.5,True,True,99996.0,reduce_work
scholarship,B0,scholarship-258,0.001953125,true_income=499999;reported_income=499999,0,1,True,True,99996,reduce_work
scholarship,B0,scholarship-259,0.001953125,true_income=499999;reported_income=499999,0,2,True,True,99996,reduce_work
scholarship,B0,scholarship-260,0.001953125,true_income=499999;reported_income=499999,1,0,True,True,99995,reduce_work
scholarship,B0,scholarship-261,0.001953125,true_income=499999;reported_income=499999,1,0.5,True,True,99995.0,reduce_work
scholarship,B0,scholarship-262,0.001953125,true_income=499999;reported_income=499999,1,1,True,True,99995,reduce_work
scholarship,B0,scholarship-263,0.001953125,true_income=499999;reported_income=499999,1,2,True,True,99995,reduce_work
scholarship,B0,scholarship-264,0.001953125,true_income=499999;reported_income=499999,10,0,True,True,99986,reduce_work
scholarship,B0,scholarship-265,0.001953125,true_income=499999;reported_income=499999,10,0.5,True,True,99986.0,reduce_work
scholarship,B0,scholarship-266,0.001953125,true_income=499999;reported_income=499999,10,1,True,True,99986,reduce_work
scholarship,B0,scholarship-267,0.001953125,true_income=499999;reported_income=499999,10,2,True,True,99986,reduce_work
scholarship,B0,scholarship-268,0.001953125,true_income=499999;reported_income=499999,100,0,True,True,99896,reduce_work
scholarship,B0,scholarship-269,0.001953125,true_income=499999;reported_income=499999,100,0.5,True,True,99896.0,reduce_work
scholarship,B0,scholarship-270,0.001953125,true_income=499999;reported_income=499999,100,1,True,True,99896,reduce_work
scholarship,B0,scholarship-271,0.001953125,true_income=499999;reported_income=499999,100,2,True,True,99896,reduce_work
scholarship,B0,scholarship-272,0.001953125,true_income=499999;reported_income=499999,1000,0,True,True,98996,reduce_work
scholarship,B0,scholarship-273,0.001953125,true_income=499999;reported_income=499999,1000,0.5,True,True,98996.0,reduce_work
scholarship,B0,scholarship-274,0.001953125,true_income=499999;reported_income=499999,1000,1,True,True,98996,reduce_work
scholarship,B0,scholarship-275,0.001953125,true_income=499999;reported_income=499999,1000,2,True,True,98996,reduce_work
scholarship,B0,scholarship-276,0.001953125,true_income=499999;reported_income=499999,50000,0,True,True,49996,reduce_work
scholarship,B0,scholarship-277,0.001953125,true_income=499999;reported_income=499999,50000,0.5,True,True,49996.0,reduce_work
scholarship,B0,scholarship-278,0.001953125,true_income=499999;reported_income=499999,50000,1,True,True,49996,reduce_work
scholarship,B0,scholarship-279,0.001953125,true_income=499999;reported_income=499999,50000,2,True,True,49996,reduce_work
scholarship,B0,scholarship-280,0.001953125,true_income=500003;reported_income=500003,99999,0,False,False,-3,reduce_work
scholarship,B0,scholarship-281,0.001953125,true_income=500003;reported_income=500003,99999,0.5,False,False,-3.0,reduce_work
scholarship,B0,scholarship-282,0.001953125,true_income=500003;reported_income=500003,99999,1,False,False,-3,reduce_work
scholarship,B0,scholarship-283,0.001953125,true_income=500003;reported_income=500003,99999,2,False,False,-3,reduce_work
scholarship,B0,scholarship-284,0.001953125,true_income=500003;reported_income=500003,100000,0,False,False,-4,reduce_work
scholarship,B0,scholarship-285,0.001953125,true_income=500003;reported_income=500003,100000,0.5,False,False,-4.0,reduce_work
scholarship,B0,scholarship-286,0.001953125,true_income=500003;reported_income=500003,100000,1,False,False,-4,reduce_work
scholarship,B0,scholarship-287,0.001953125,true_income=500003;reported_income=500003,100000,2,False,False,-4,reduce_work
scholarship,B0,scholarship-288,0.001953125,true_income=499999;reported_income=499999,0,0,True,True,99995,reduce_work
scholarship,B0,scholarship-289,0.001953125,true_income=499999;reported_income=499999,0,0.5,True,True,99995.0,reduce_work
scholarship,B0,scholarship-290,0.001953125,true_income=499999;reported_income=499999,0,1,True,True,99995,reduce_work
scholarship,B0,scholarship-291,0.001953125,true_income=499999;reported_income=499999,0,2,True,True,99995,reduce_work
scholarship,B0,scholarship-292,0.001953125,true_income=499999;reported_income=499999,1,0,True,True,99994,reduce_work
scholarship,B0,scholarship-293,0.001953125,true_income=499999;reported_income=499999,1,0.5,True,True,99994.0,reduce_work
scholarship,B0,scholarship-294,0.001953125,true_income=499999;reported_income=499999,1,1,True,True,99994,reduce_work
scholarship,B0,scholarship-295,0.001953125,true_income=499999;reported_income=499999,1,2,True,True,99994,reduce_work
scholarship,B0,scholarship-296,0.001953125,true_income=499999;reported_income=499999,10,0,True,True,99985,reduce_work
scholarship,B0,scholarship-297,0.001953125,true_income=499999;reported_income=499999,10,0.5,True,True,99985.0,reduce_work
scholarship,B0,scholarship-298,0.001953125,true_income=499999;reported_income=499999,10,1,True,True,99985,reduce_work
scholarship,B0,scholarship-299,0.001953125,true_income=499999;reported_income=499999,10,2,True,True,99985,reduce_work
scholarship,B0,scholarship-300,0.001953125,true_income=499999;reported_income=499999,100,0,True,True,99895,reduce_work
scholarship,B0,scholarship-301,0.001953125,true_income=499999;reported_income=499999,100,0.5,True,True,99895.0,reduce_work
scholarship,B0,scholarship-302,0.001953125,true_income=499999;reported_income=499999,100,1,True,True,99895,reduce_work
scholarship,B0,scholarship-303,0.001953125,true_income=499999;reported_income=499999,100,2,True,True,99895,reduce_work
scholarship,B0,scholarship-304,0.001953125,true_income=499999;reported_income=499999,1000,0,True,True,98995,reduce_work
scholarship,B0,scholarship-305,0.001953125,true_income=499999;reported_income=499999,1000,0.5,True,True,98995.0,reduce_work
scholarship,B0,scholarship-306,0.001953125,true_income=499999;reported_income=499999,1000,1,True,True,98995,reduce_work
scholarship,B0,scholarship-307,0.001953125,true_income=499999;reported_income=499999,1000,2,True,True,98995,reduce_work
scholarship,B0,scholarship-308,0.001953125,true_income=499999;reported_income=499999,50000,0,True,True,49995,reduce_work
scholarship,B0,scholarship-309,0.001953125,true_income=499999;reported_income=499999,50000,0.5,True,True,49995.0,reduce_work
scholarship,B0,scholarship-310,0.001953125,true_income=499999;reported_income=499999,50000,1,True,True,49995,reduce_work
scholarship,B0,scholarship-311,0.001953125,true_income=499999;reported_income=499999,50000,2,True,True,49995,reduce_work
scholarship,B0,scholarship-312,0.001953125,true_income=500004;reported_income=500004,99999,0,False,False,-4,reduce_work
scholarship,B0,scholarship-313,0.001953125,true_income=500004;reported_income=500004,99999,0.5,False,False,-4.0,reduce_work
scholarship,B0,scholarship-314,0.001953125,true_income=500004;reported_income=500004,99999,1,False,False,-4,reduce_work
scholarship,B0,scholarship-315,0.001953125,true_income=500004;reported_income=500004,99999,2,False,False,-4,reduce_work
scholarship,B0,scholarship-316,0.001953125,true_income=500004;reported_income=500004,100000,0,False,False,-5,reduce_work
scholarship,B0,scholarship-317,0.001953125,true_income=500004;reported_income=500004,100000,0.5,False,False,-5.0,reduce_work
scholarship,B0,scholarship-318,0.001953125,true_income=500004;reported_income=500004,100000,1,False,False,-5,reduce_work
scholarship,B0,scholarship-319,0.001953125,true_income=500004;reported_income=500004,100000,2,False,False,-5,reduce_work
scholarship,B0,scholarship-320,0.001953125,true_income=499999;reported_income=499999,0,0,True,True,99994,reduce_work
scholarship,B0,scholarship-321,0.001953125,true_income=499999;reported_income=499999,0,0.5,True,True,99994.0,reduce_work
scholarship,B0,scholarship-322,0.001953125,true_income=499999;reported_income=499999,0,1,True,True,99994,reduce_work
scholarship,B0,scholarship-323,0.001953125,true_income=499999;reported_income=499999,0,2,True,True,99994,reduce_work
scholarship,B0,scholarship-324,0.001953125,true_income=499999;reported_income=499999,1,0,True,True,99993,reduce_work
scholarship,B0,scholarship-325,0.001953125,true_income=499999;reported_income=499999,1,0.5,True,True,99993.0,reduce_work
scholarship,B0,scholarship-326,0.001953125,true_income=499999;reported_income=499999,1,1,True,True,99993,reduce_work
scholarship,B0,scholarship-327,0.001953125,true_income=499999;reported_income=499999,1,2,True,True,99993,reduce_work
scholarship,B0,scholarship-328,0.001953125,true_income=499999;reported_income=499999,10,0,True,True,99984,reduce_work
scholarship,B0,scholarship-329,0.001953125,true_income=499999;reported_income=499999,10,0.5,True,True,99984.0,reduce_work
scholarship,B0,scholarship-330,0.001953125,true_income=499999;reported_income=499999,10,1,True,True,99984,reduce_work
scholarship,B0,scholarship-331,0.001953125,true_income=499999;reported_income=499999,10,2,True,True,99984,reduce_work
scholarship,B0,scholarship-332,0.001953125,true_income=499999;reported_income=499999,100,0,True,True,99894,reduce_work
scholarship,B0,scholarship-333,0.001953125,true_income=499999;reported_income=499999,100,0.5,True,True,99894.0,reduce_work
scholarship,B0,scholarship-334,0.001953125,true_income=499999;reported_income=499999,100,1,True,True,99894,reduce_work
scholarship,B0,scholarship-335,0.001953125,true_income=499999;reported_income=499999,100,2,True,True,99894,reduce_work
scholarship,B0,scholarship-336,0.001953125,true_income=499999;reported_income=499999,1000,0,True,True,98994,reduce_work
scholarship,B0,scholarship-337,0.001953125,true_income=499999;reported_income=499999,1000,0.5,True,True,98994.0,reduce_work
scholarship,B0,scholarship-338,0.001953125,true_income=499999;reported_income=499999,1000,1,True,True,98994,reduce_work
scholarship,B0,scholarship-339,0.001953125,true_income=499999;reported_income=499999,1000,2,True,True,98994,reduce_work
scholarship,B0,scholarship-340,0.001953125,true_income=499999;reported_income=499999,50000,0,True,True,49994,reduce_work
scholarship,B0,scholarship-341,0.001953125,true_income=499999;reported_income=499999,50000,0.5,True,True,49994.0,reduce_work
scholarship,B0,scholarship-342,0.001953125,true_income=499999;reported_income=499999,50000,1,True,True,49994,reduce_work
scholarship,B0,scholarship-343,0.001953125,true_income=499999;reported_income=499999,50000,2,True,True,49994,reduce_work
scholarship,B0,scholarship-344,0.001953125,true_income=500005;reported_income=500005,99999,0,False,False,-5,reduce_work
scholarship,B0,scholarship-345,0.001953125,true_income=500005;reported_income=500005,99999,0.5,False,False,-5.0,reduce_work
scholarship,B0,scholarship-346,0.001953125,true_income=500005;reported_income=500005,99999,1,False,False,-5,reduce_work
scholarship,B0,scholarship-347,0.001953125,true_income=500005;reported_income=500005,99999,2,False,False,-5,reduce_work
scholarship,B0,scholarship-348,0.001953125,true_income=500005;reported_income=500005,100000,0,False,False,-6,reduce_work
scholarship,B0,scholarship-349,0.001953125,true_income=500005;reported_income=500005,100000,0.5,False,False,-6.0,reduce_work
scholarship,B0,scholarship-350,0.001953125,true_income=500005;reported_income=500005,100000,1,False,False,-6,reduce_work
scholarship,B0,scholarship-351,0.001953125,true_income=500005;reported_income=500005,100000,2,False,False,-6,reduce_work
scholarship,B0,scholarship-352,0.001953125,true_income=499999;reported_income=499999,0,0,True,True,99993,reduce_work
scholarship,B0,scholarship-353,0.001953125,true_income=499999;reported_income=499999,0,0.5,True,True,99993.0,reduce_work
scholarship,B0,scholarship-354,0.001953125,true_income=499999;reported_income=499999,0,1,True,True,99993,reduce_work
scholarship,B0,scholarship-355,0.001953125,true_income=499999;reported_income=499999,0,2,True,True,99993,reduce_work
scholarship,B0,scholarship-356,0.001953125,true_income=499999;reported_income=499999,1,0,True,True,99992,reduce_work
scholarship,B0,scholarship-357,0.001953125,true_income=499999;reported_income=499999,1,0.5,True,True,99992.0,reduce_work
scholarship,B0,scholarship-358,0.001953125,true_income=499999;reported_income=499999,1,1,True,True,99992,reduce_work
scholarship,B0,scholarship-359,0.001953125,true_income=499999;reported_income=499999,1,2,True,True,99992,reduce_work
scholarship,B0,scholarship-360,0.001953125,true_income=499999;reported_income=499999,10,0,True,True,99983,reduce_work
scholarship,B0,scholarship-361,0.001953125,true_income=499999;reported_income=499999,10,0.5,True,True,99983.0,reduce_work
scholarship,B0,scholarship-362,0.001953125,true_income=499999;reported_income=499999,10,1,True,True,99983,reduce_work
scholarship,B0,scholarship-363,0.001953125,true_income=499999;reported_income=499999,10,2,True,True,99983,reduce_work
scholarship,B0,scholarship-364,0.001953125,true_income=499999;reported_income=499999,100,0,True,True,99893,reduce_work
scholarship,B0,scholarship-365,0.001953125,true_income=499999;reported_income=499999,100,0.5,True,True,99893.0,reduce_work
scholarship,B0,scholarship-366,0.001953125,true_income=499999;reported_income=499999,100,1,True,True,99893,reduce_work
scholarship,B0,scholarship-367,0.001953125,true_income=499999;reported_income=499999,100,2,True,True,99893,reduce_work
scholarship,B0,scholarship-368,0.001953125,true_income=499999;reported_income=499999,1000,0,True,True,98993,reduce_work
scholarship,B0,scholarship-369,0.001953125,true_income=499999;reported_income=499999,1000,0.5,True,True,98993.0,reduce_work
scholarship,B0,scholarship-370,0.001953125,true_income=499999;reported_income=499999,1000,1,True,True,98993,reduce_work
scholarship,B0,scholarship-371,0.001953125,true_income=499999;reported_income=499999,1000,2,True,True,98993,reduce_work
scholarship,B0,scholarship-372,0.001953125,true_income=499999;reported_income=499999,50000,0,True,True,49993,reduce_work
scholarship,B0,scholarship-373,0.001953125,true_income=499999;reported_income=499999,50000,0.5,True,True,49993.0,reduce_work
scholarship,B0,scholarship-374,0.001953125,true_income=499999;reported_income=499999,50000,1,True,True,49993,reduce_work
scholarship,B0,scholarship-375,0.001953125,true_income=499999;reported_income=499999,50000,2,True,True,49993,reduce_work
scholarship,B0,scholarship-376,0.001953125,true_income=500006;reported_income=500006,99999,0,False,False,-6,reduce_work
scholarship,B0,scholarship-377,0.001953125,true_income=500006;reported_income=500006,99999,0.5,False,False,-6.0,reduce_work
scholarship,B0,scholarship-378,0.001953125,true_income=500006;reported_income=500006,99999,1,False,False,-6,reduce_work
scholarship,B0,scholarship-379,0.001953125,true_income=500006;reported_income=500006,99999,2,False,False,-6,reduce_work
scholarship,B0,scholarship-380,0.001953125,true_income=500006;reported_income=500006,100000,0,False,False,-7,reduce_work
scholarship,B0,scholarship-381,0.001953125,true_income=500006;reported_income=500006,100000,0.5,False,False,-7.0,reduce_work
scholarship,B0,scholarship-382,0.001953125,true_income=500006;reported_income=500006,100000,1,False,False,-7,reduce_work
scholarship,B0,scholarship-383,0.001953125,true_income=500006;reported_income=500006,100000,2,False,False,-7,reduce_work
scholarship,B0,scholarship-384,0.001953125,true_income=499999;reported_income=499999,0,0,True,True,99992,reduce_work
scholarship,B0,scholarship-385,0.001953125,true_income=499999;reported_income=499999,0,0.5,True,True,99992.0,reduce_work
scholarship,B0,scholarship-386,0.001953125,true_income=499999;reported_income=499999,0,1,True,True,99992,reduce_work
scholarship,B0,scholarship-387,0.001953125,true_income=499999;reported_income=499999,0,2,True,True,99992,reduce_work
scholarship,B0,scholarship-388,0.001953125,true_income=499999;reported_income=499999,1,0,True,True,99991,reduce_work
scholarship,B0,scholarship-389,0.001953125,true_income=499999;reported_income=499999,1,0.5,True,True,99991.0,reduce_work
scholarship,B0,scholarship-390,0.001953125,true_income=499999;reported_income=499999,1,1,True,True,99991,reduce_work
scholarship,B0,scholarship-391,0.001953125,true_income=499999;reported_income=499999,1,2,True,True,99991,reduce_work
scholarship,B0,scholarship-392,0.001953125,true_income=499999;reported_income=499999,10,0,True,True,99982,reduce_work
scholarship,B0,scholarship-393,0.001953125,true_income=499999;reported_income=499999,10,0.5,True,True,99982.0,reduce_work
scholarship,B0,scholarship-394,0.001953125,true_income=499999;reported_income=499999,10,1,True,True,99982,reduce_work
scholarship,B0,scholarship-395,0.001953125,true_income=499999;reported_income=499999,10,2,True,True,99982,reduce_work
scholarship,B0,scholarship-396,0.001953125,true_income=499999;reported_income=499999,100,0,True,True,99892,reduce_work
scholarship,B0,scholarship-397,0.001953125,true_income=499999;reported_income=499999,100,0.5,True,True,99892.0,reduce_work
scholarship,B0,scholarship-398,0.001953125,true_income=499999;reported_income=499999,100,1,True,True,99892,reduce_work
scholarship,B0,scholarship-399,0.001953125,true_income=499999;reported_income=499999,100,2,True,True,99892,reduce_work
scholarship,B0,scholarship-400,0.001953125,true_income=499999;reported_income=499999,1000,0,True,True,98992,reduce_work
scholarship,B0,scholarship-401,0.001953125,true_income=499999;reported_income=499999,1000,0.5,True,True,98992.0,reduce_work
scholarship,B0,scholarship-402,0.001953125,true_income=499999;reported_income=499999,1000,1,True,True,98992,reduce_work
scholarship,B0,scholarship-403,0.001953125,true_income=499999;reported_income=499999,1000,2,True,True,98992,reduce_work
scholarship,B0,scholarship-404,0.001953125,true_income=499999;reported_income=499999,50000,0,True,True,49992,reduce_work
scholarship,B0,scholarship-405,0.001953125,true_income=499999;reported_income=499999,50000,0.5,True,True,49992.0,reduce_work
scholarship,B0,scholarship-406,0.001953125,true_income=499999;reported_income=499999,50000,1,True,True,49992,reduce_work
scholarship,B0,scholarship-407,0.001953125,true_income=499999;reported_income=499999,50000,2,True,True,49992,reduce_work
scholarship,B0,scholarship-408,0.001953125,true_income=500007;reported_income=500007,99999,0,False,False,-7,reduce_work
scholarship,B0,scholarship-409,0.001953125,true_income=500007;reported_income=500007,99999,0.5,False,False,-7.0,reduce_work
scholarship,B0,scholarship-410,0.001953125,true_income=500007;reported_income=500007,99999,1,False,False,-7,reduce_work
scholarship,B0,scholarship-411,0.001953125,true_income=500007;reported_income=500007,99999,2,False,False,-7,reduce_work
scholarship,B0,scholarship-412,0.001953125,true_income=500007;reported_income=500007,100000,0,False,False,-8,reduce_work
scholarship,B0,scholarship-413,0.001953125,true_income=500007;reported_income=500007,100000,0.5,False,False,-8.0,reduce_work
scholarship,B0,scholarship-414,0.001953125,true_income=500007;reported_income=500007,100000,1,False,False,-8,reduce_work
scholarship,B0,scholarship-415,0.001953125,true_income=500007;reported_income=500007,100000,2,False,False,-8,reduce_work
scholarship,B0,scholarship-416,0.001953125,true_income=499999;reported_income=499999,0,0,True,True,99991,reduce_work
scholarship,B0,scholarship-417,0.001953125,true_income=499999;reported_income=499999,0,0.5,True,True,99991.0,reduce_work
scholarship,B0,scholarship-418,0.001953125,true_income=499999;reported_income=499999,0,1,True,True,99991,reduce_work
scholarship,B0,scholarship-419,0.001953125,true_income=499999;reported_income=499999,0,2,True,True,99991,reduce_work
scholarship,B0,scholarship-420,0.001953125,true_income=499999;reported_income=499999,1,0,True,True,99990,reduce_work
scholarship,B0,scholarship-421,0.001953125,true_income=499999;reported_income=499999,1,0.5,True,True,99990.0,reduce_work
scholarship,B0,scholarship-422,0.001953125,true_income=499999;reported_income=499999,1,1,True,True,99990,reduce_work
scholarship,B0,scholarship-423,0.001953125,true_income=499999;reported_income=499999,1,2,True,True,99990,reduce_work
scholarship,B0,scholarship-424,0.001953125,true_income=499999;reported_income=499999,10,0,True,True,99981,reduce_work
scholarship,B0,scholarship-425,0.001953125,true_income=499999;reported_income=499999,10,0.5,True,True,99981.0,reduce_work
scholarship,B0,scholarship-426,0.001953125,true_income=499999;reported_income=499999,10,1,True,True,99981,reduce_work
scholarship,B0,scholarship-427,0.001953125,true_income=499999;reported_income=499999,10,2,True,True,99981,reduce_work
scholarship,B0,scholarship-428,0.001953125,true_income=499999;reported_income=499999,100,0,True,True,99891,reduce_work
scholarship,B0,scholarship-429,0.001953125,true_income=499999;reported_income=499999,100,0.5,True,True,99891.0,reduce_work
scholarship,B0,scholarship-430,0.001953125,true_income=499999;reported_income=499999,100,1,True,True,99891,reduce_work
scholarship,B0,scholarship-431,0.001953125,true_income=499999;reported_income=499999,100,2,True,True,99891,reduce_work
scholarship,B0,scholarship-432,0.001953125,true_income=499999;reported_income=499999,1000,0,True,True,98991,reduce_work
scholarship,B0,scholarship-433,0.001953125,true_income=499999;reported_income=499999,1000,0.5,True,True,98991.0,reduce_work
scholarship,B0,scholarship-434,0.001953125,true_income=499999;reported_income=499999,1000,1,True,True,98991,reduce_work
scholarship,B0,scholarship-435,0.001953125,true_income=499999;reported_income=499999,1000,2,True,True,98991,reduce_work
scholarship,B0,scholarship-436,0.001953125,true_income=499999;reported_income=499999,50000,0,True,True,49991,reduce_work
scholarship,B0,scholarship-437,0.001953125,true_income=499999;reported_income=499999,50000,0.5,True,True,49991.0,reduce_work
scholarship,B0,scholarship-438,0.001953125,true_income=499999;reported_income=499999,50000,1,True,True,49991,reduce_work
scholarship,B0,scholarship-439,0.001953125,true_income=499999;reported_income=499999,50000,2,True,True,49991,reduce_work
scholarship,B0,scholarship-440,0.001953125,true_income=500008;reported_income=500008,99999,0,False,False,-8,reduce_work
scholarship,B0,scholarship-441,0.001953125,true_income=500008;reported_income=500008,99999,0.5,False,False,-8.0,reduce_work
scholarship,B0,scholarship-442,0.001953125,true_income=500008;reported_income=500008,99999,1,False,False,-8,reduce_work
scholarship,B0,scholarship-443,0.001953125,true_income=500008;reported_income=500008,99999,2,False,False,-8,reduce_work
scholarship,B0,scholarship-444,0.001953125,true_income=500008;reported_income=500008,100000,0,False,False,-9,reduce_work
scholarship,B0,scholarship-445,0.001953125,true_income=500008;reported_income=500008,100000,0.5,False,False,-9.0,reduce_work
scholarship,B0,scholarship-446,0.001953125,true_income=500008;reported_income=500008,100000,1,False,False,-9,reduce_work
scholarship,B0,scholarship-447,0.001953125,true_income=500008;reported_income=500008,100000,2,False,False,-9,reduce_work
scholarship,B0,scholarship-448,0.001953125,true_income=499999;reported_income=499999,0,0,True,True,99990,reduce_work
scholarship,B0,scholarship-449,0.001953125,true_income=499999;reported_income=499999,0,0.5,True,True,99990.0,reduce_work
scholarship,B0,scholarship-450,0.001953125,true_income=499999;reported_income=499999,0,1,True,True,99990,reduce_work
scholarship,B0,scholarship-451,0.001953125,true_income=499999;reported_income=499999,0,2,True,True,99990,reduce_work
scholarship,B0,scholarship-452,0.001953125,true_income=499999;reported_income=499999,1,0,True,True,99989,reduce_work
scholarship,B0,scholarship-453,0.001953125,true_income=499999;reported_income=499999,1,0.5,True,True,99989.0,reduce_work
scholarship,B0,scholarship-454,0.001953125,true_income=499999;reported_income=499999,1,1,True,True,99989,reduce_work
scholarship,B0,scholarship-455,0.001953125,true_income=499999;reported_income=499999,1,2,True,True,99989,reduce_work
scholarship,B0,scholarship-456,0.001953125,true_income=499999;reported_income=499999,10,0,True,True,99980,reduce_work
scholarship,B0,scholarship-457,0.001953125,true_income=499999;reported_income=499999,10,0.5,True,True,99980.0,reduce_work
scholarship,B0,scholarship-458,0.001953125,true_income=499999;reported_income=499999,10,1,True,True,99980,reduce_work
scholarship,B0,scholarship-459,0.001953125,true_income=499999;reported_income=499999,10,2,True,True,99980,reduce_work
scholarship,B0,scholarship-460,0.001953125,true_income=499999;reported_income=499999,100,0,True,True,99890,reduce_work
scholarship,B0,scholarship-461,0.001953125,true_income=499999;reported_income=499999,100,0.5,True,True,99890.0,reduce_work
scholarship,B0,scholarship-462,0.001953125,true_income=499999;reported_income=499999,100,1,True,True,99890,reduce_work
scholarship,B0,scholarship-463,0.001953125,true_income=499999;reported_income=499999,100,2,True,True,99890,reduce_work
scholarship,B0,scholarship-464,0.001953125,true_income=499999;reported_income=499999,1000,0,True,True,98990,reduce_work
scholarship,B0,scholarship-465,0.001953125,true_income=499999;reported_income=499999,1000,0.5,True,True,98990.0,reduce_work
scholarship,B0,scholarship-466,0.001953125,true_income=499999;reported_income=499999,1000,1,True,True,98990,reduce_work
scholarship,B0,scholarship-467,0.001953125,true_income=499999;reported_income=499999,1000,2,True,True,98990,reduce_work
scholarship,B0,scholarship-468,0.001953125,true_income=499999;reported_income=499999,50000,0,True,True,49990,reduce_work
scholarship,B0,scholarship-469,0.001953125,true_income=499999;reported_income=499999,50000,0.5,True,True,49990.0,reduce_work
scholarship,B0,scholarship-470,0.001953125,true_income=499999;reported_income=499999,50000,1,True,True,49990,reduce_work
scholarship,B0,scholarship-471,0.001953125,true_income=499999;reported_income=499999,50000,2,True,True,49990,reduce_work
scholarship,B0,scholarship-472,0.001953125,true_income=500009;reported_income=500009,99999,0,False,False,-9,reduce_work
scholarship,B0,scholarship-473,0.001953125,true_income=500009;reported_income=500009,99999,0.5,False,False,-9.0,reduce_work
scholarship,B0,scholarship-474,0.001953125,true_income=500009;reported_income=500009,99999,1,False,False,-9,reduce_work
scholarship,B0,scholarship-475,0.001953125,true_income=500009;reported_income=500009,99999,2,False,False,-9,reduce_work
scholarship,B0,scholarship-476,0.001953125,true_income=500009;reported_income=500009,100000,0,False,False,-10,reduce_work
scholarship,B0,scholarship-477,0.001953125,true_income=500009;reported_income=500009,100000,0.5,False,False,-10.0,reduce_work
scholarship,B0,scholarship-478,0.001953125,true_income=500009;reported_income=500009,100000,1,False,False,-10,reduce_work
scholarship,B0,scholarship-479,0.001953125,true_income=500009;reported_income=500009,100000,2,False,False,-10,reduce_work
scholarship,B0,scholarship-480,0.001953125,true_income=499999;reported_income=499999,0,0,True,True,99989,reduce_work
scholarship,B0,scholarship-481,0.001953125,true_income=499999;reported_income=499999,0,0.5,True,True,99989.0,reduce_work
scholarship,B0,scholarship-482,0.001953125,true_income=499999;reported_income=499999,0,1,True,True,99989,reduce_work
scholarship,B0,scholarship-483,0.001953125,true_income=499999;reported_income=499999,0,2,True,True,99989,reduce_work
scholarship,B0,scholarship-484,0.001953125,true_income=499999;reported_income=499999,1,0,True,True,99988,reduce_work
scholarship,B0,scholarship-485,0.001953125,true_income=499999;reported_income=499999,1,0.5,True,True,99988.0,reduce_work
scholarship,B0,scholarship-486,0.001953125,true_income=499999;reported_income=499999,1,1,True,True,99988,reduce_work
scholarship,B0,scholarship-487,0.001953125,true_income=499999;reported_income=499999,1,2,True,True,99988,reduce_work
scholarship,B0,scholarship-488,0.001953125,true_income=499999;reported_income=499999,10,0,True,True,99979,reduce_work
scholarship,B0,scholarship-489,0.001953125,true_income=499999;reported_income=499999,10,0.5,True,True,99979.0,reduce_work
scholarship,B0,scholarship-490,0.001953125,true_income=499999;reported_income=499999,10,1,True,True,99979,reduce_work
scholarship,B0,scholarship-491,0.001953125,true_income=499999;reported_income=499999,10,2,True,True,99979,reduce_work
scholarship,B0,scholarship-492,0.001953125,true_income=499999;reported_income=499999,100,0,True,True,99889,reduce_work
scholarship,B0,scholarship-493,0.001953125,true_income=499999;reported_income=499999,100,0.5,True,True,99889.0,reduce_work
scholarship,B0,scholarship-494,0.001953125,true_income=499999;reported_income=499999,100,1,True,True,99889,reduce_work
scholarship,B0,scholarship-495,0.001953125,true_income=499999;reported_income=499999,100,2,True,True,99889,reduce_work
scholarship,B0,scholarship-496,0.001953125,true_income=499999;reported_income=499999,1000,0,True,True,98989,reduce_work
scholarship,B0,scholarship-497,0.001953125,true_income=499999;reported_income=499999,1000,0.5,True,True,98989.0,reduce_work
scholarship,B0,scholarship-498,0.001953125,true_income=499999;reported_income=499999,1000,1,True,True,98989,reduce_work
scholarship,B0,scholarship-499,0.001953125,true_income=499999;reported_income=499999,1000,2,True,True,98989,reduce_work
scholarship,B0,scholarship-500,0.001953125,true_income=499999;reported_income=499999,50000,0,True,True,49989,reduce_work
scholarship,B0,scholarship-501,0.001953125,true_income=499999;reported_income=499999,50000,0.5,True,True,49989.0,reduce_work
scholarship,B0,scholarship-502,0.001953125,true_income=499999;reported_income=499999,50000,1,True,True,49989,reduce_work
scholarship,B0,scholarship-503,0.001953125,true_income=499999;reported_income=499999,50000,2,True,True,49989,reduce_work
scholarship,B0,scholarship-504,0.001953125,true_income=500010;reported_income=500010,99999,0,False,False,-10,reduce_work
scholarship,B0,scholarship-505,0.001953125,true_income=500010;reported_income=500010,99999,0.5,False,False,-10.0,reduce_work
scholarship,B0,scholarship-506,0.001953125,true_income=500010;reported_income=500010,99999,1,False,False,-10,reduce_work
scholarship,B0,scholarship-507,0.001953125,true_income=500010;reported_income=500010,99999,2,False,False,-10,reduce_work
scholarship,B0,scholarship-508,0.001953125,true_income=500010;reported_income=500010,100000,0,False,False,-11,reduce_work
scholarship,B0,scholarship-509,0.001953125,true_income=500010;reported_income=500010,100000,0.5,False,False,-11.0,reduce_work
scholarship,B0,scholarship-510,0.001953125,true_income=500010;reported_income=500010,100000,1,False,False,-11,reduce_work
scholarship,B0,scholarship-511,0.001953125,true_income=500010;reported_income=500010,100000,2,False,False,-11,reduce_work
scholarship,B1,scholarship-0,0.001953125,true_income=499995;reported_income=499995,0,0,False,False,0,reduce_work
scholarship,B1,scholarship-1,0.001953125,true_income=499995;reported_income=499995,0,0.5,False,False,0.0,reduce_work
scholarship,B1,scholarship-2,0.001953125,true_income=499995;reported_income=499995,0,1,False,False,0,reduce_work
scholarship,B1,scholarship-3,0.001953125,true_income=499995;reported_income=499995,0,2,False,False,0,reduce_work
scholarship,B1,scholarship-4,0.001953125,true_income=499995;reported_income=499995,1,0,False,False,-1,reduce_work
scholarship,B1,scholarship-5,0.001953125,true_income=499995;reported_income=499995,1,0.5,False,False,-1.0,reduce_work
scholarship,B1,scholarship-6,0.001953125,true_income=499995;reported_income=499995,1,1,False,False,-1,reduce_work
scholarship,B1,scholarship-7,0.001953125,true_income=499995;reported_income=499995,1,2,False,False,-1,reduce_work
scholarship,B1,scholarship-8,0.001953125,true_income=499995;reported_income=499995,10,0,False,False,-10,reduce_work
scholarship,B1,scholarship-9,0.001953125,true_income=499995;reported_income=499995,10,0.5,False,False,-10.0,reduce_work
scholarship,B1,scholarship-10,0.001953125,true_income=499995;reported_income=499995,10,1,False,False,-10,reduce_work
scholarship,B1,scholarship-11,0.001953125,true_income=499995;reported_income=499995,10,2,False,False,-10,reduce_work
scholarship,B1,scholarship-12,0.001953125,true_income=499995;reported_income=499995,100,0,False,False,-100,reduce_work
scholarship,B1,scholarship-13,0.001953125,true_income=499995;reported_income=499995,100,0.5,False,False,-100.0,reduce_work
scholarship,B1,scholarship-14,0.001953125,true_income=499995;reported_income=499995,100,1,False,False,-100,reduce_work
scholarship,B1,scholarship-15,0.001953125,true_income=499995;reported_income=499995,100,2,False,False,-100,reduce_work
scholarship,B1,scholarship-16,0.001953125,true_income=499995;reported_income=499995,1000,0,False,False,-1000,reduce_work
scholarship,B1,scholarship-17,0.001953125,true_income=499995;reported_income=499995,1000,0.5,False,False,-1000.0,reduce_work
scholarship,B1,scholarship-18,0.001953125,true_income=499995;reported_income=499995,1000,1,False,False,-1000,reduce_work
scholarship,B1,scholarship-19,0.001953125,true_income=499995;reported_income=499995,1000,2,False,False,-1000,reduce_work
scholarship,B1,scholarship-20,0.001953125,true_income=499995;reported_income=499995,50000,0,False,False,-50000,reduce_work
scholarship,B1,scholarship-21,0.001953125,true_income=499995;reported_income=499995,50000,0.5,False,False,-50000.0,reduce_work
scholarship,B1,scholarship-22,0.001953125,true_income=499995;reported_income=499995,50000,1,False,False,-50000,reduce_work
scholarship,B1,scholarship-23,0.001953125,true_income=499995;reported_income=499995,50000,2,False,False,-50000,reduce_work
scholarship,B1,scholarship-24,0.001953125,true_income=499995;reported_income=499995,99999,0,False,False,-99999,reduce_work
scholarship,B1,scholarship-25,0.001953125,true_income=499995;reported_income=499995,99999,0.5,False,False,-99999.0,reduce_work
scholarship,B1,scholarship-26,0.001953125,true_income=499995;reported_income=499995,99999,1,False,False,-99999,reduce_work
scholarship,B1,scholarship-27,0.001953125,true_income=499995;reported_income=499995,99999,2,False,False,-99999,reduce_work
scholarship,B1,scholarship-28,0.001953125,true_income=499995;reported_income=499995,100000,0,False,False,-100000,reduce_work
scholarship,B1,scholarship-29,0.001953125,true_income=499995;reported_income=499995,100000,0.5,False,False,-100000.0,reduce_work
scholarship,B1,scholarship-30,0.001953125,true_income=499995;reported_income=499995,100000,1,False,False,-100000,reduce_work
scholarship,B1,scholarship-31,0.001953125,true_income=499995;reported_income=499995,100000,2,False,False,-100000,reduce_work
scholarship,B1,scholarship-32,0.001953125,true_income=499996;reported_income=499996,0,0,False,False,0,reduce_work
scholarship,B1,scholarship-33,0.001953125,true_income=499996;reported_income=499996,0,0.5,False,False,0.0,reduce_work
scholarship,B1,scholarship-34,0.001953125,true_income=499996;reported_income=499996,0,1,False,False,0,reduce_work
scholarship,B1,scholarship-35,0.001953125,true_income=499996;reported_income=499996,0,2,False,False,0,reduce_work
scholarship,B1,scholarship-36,0.001953125,true_income=499996;reported_income=499996,1,0,False,False,-1,reduce_work
scholarship,B1,scholarship-37,0.001953125,true_income=499996;reported_income=499996,1,0.5,False,False,-1.0,reduce_work
scholarship,B1,scholarship-38,0.001953125,true_income=499996;reported_income=499996,1,1,False,False,-1,reduce_work
scholarship,B1,scholarship-39,0.001953125,true_income=499996;reported_income=499996,1,2,False,False,-1,reduce_work
scholarship,B1,scholarship-40,0.001953125,true_income=499996;reported_income=499996,10,0,False,False,-10,reduce_work
scholarship,B1,scholarship-41,0.001953125,true_income=499996;reported_income=499996,10,0.5,False,False,-10.0,reduce_work
scholarship,B1,scholarship-42,0.001953125,true_income=499996;reported_income=499996,10,1,False,False,-10,reduce_work
scholarship,B1,scholarship-43,0.001953125,true_income=499996;reported_income=499996,10,2,False,False,-10,reduce_work
scholarship,B1,scholarship-44,0.001953125,true_income=499996;reported_income=499996,100,0,False,False,-100,reduce_work
scholarship,B1,scholarship-45,0.001953125,true_income=499996;reported_income=499996,100,0.5,False,False,-100.0,reduce_work
scholarship,B1,scholarship-46,0.001953125,true_income=499996;reported_income=499996,100,1,False,False,-100,reduce_work
scholarship,B1,scholarship-47,0.001953125,true_income=499996;reported_income=499996,100,2,False,False,-100,reduce_work
scholarship,B1,scholarship-48,0.001953125,true_income=499996;reported_income=499996,1000,0,False,False,-1000,reduce_work
scholarship,B1,scholarship-49,0.001953125,true_income=499996;reported_income=499996,1000,0.5,False,False,-1000.0,reduce_work
scholarship,B1,scholarship-50,0.001953125,true_income=499996;reported_income=499996,1000,1,False,False,-1000,reduce_work
scholarship,B1,scholarship-51,0.001953125,true_income=499996;reported_income=499996,1000,2,False,False,-1000,reduce_work
scholarship,B1,scholarship-52,0.001953125,true_income=499996;reported_income=499996,50000,0,False,False,-50000,reduce_work
scholarship,B1,scholarship-53,0.001953125,true_income=499996;reported_income=499996,50000,0.5,False,False,-50000.0,reduce_work
scholarship,B1,scholarship-54,0.001953125,true_income=499996;reported_income=499996,50000,1,False,False,-50000,reduce_work
scholarship,B1,scholarship-55,0.001953125,true_income=499996;reported_income=499996,50000,2,False,False,-50000,reduce_work
scholarship,B1,scholarship-56,0.001953125,true_income=499996;reported_income=499996,99999,0,False,False,-99999,reduce_work
scholarship,B1,scholarship-57,0.001953125,true_income=499996;reported_income=499996,99999,0.5,False,False,-99999.0,reduce_work
scholarship,B1,scholarship-58,0.001953125,true_income=499996;reported_income=499996,99999,1,False,False,-99999,reduce_work
scholarship,B1,scholarship-59,0.001953125,true_income=499996;reported_income=499996,99999,2,False,False,-99999,reduce_work
scholarship,B1,scholarship-60,0.001953125,true_income=499996;reported_income=499996,100000,0,False,False,-100000,reduce_work
scholarship,B1,scholarship-61,0.001953125,true_income=499996;reported_income=499996,100000,0.5,False,False,-100000.0,reduce_work
scholarship,B1,scholarship-62,0.001953125,true_income=499996;reported_income=499996,100000,1,False,False,-100000,reduce_work
scholarship,B1,scholarship-63,0.001953125,true_income=499996;reported_income=499996,100000,2,False,False,-100000,reduce_work
scholarship,B1,scholarship-64,0.001953125,true_income=499997;reported_income=499997,0,0,False,False,0,reduce_work
scholarship,B1,scholarship-65,0.001953125,true_income=499997;reported_income=499997,0,0.5,False,False,0.0,reduce_work
scholarship,B1,scholarship-66,0.001953125,true_income=499997;reported_income=499997,0,1,False,False,0,reduce_work
scholarship,B1,scholarship-67,0.001953125,true_income=499997;reported_income=499997,0,2,False,False,0,reduce_work
scholarship,B1,scholarship-68,0.001953125,true_income=499997;reported_income=499997,1,0,False,False,-1,reduce_work
scholarship,B1,scholarship-69,0.001953125,true_income=499997;reported_income=499997,1,0.5,False,False,-1.0,reduce_work
scholarship,B1,scholarship-70,0.001953125,true_income=499997;reported_income=499997,1,1,False,False,-1,reduce_work
scholarship,B1,scholarship-71,0.001953125,true_income=499997;reported_income=499997,1,2,False,False,-1,reduce_work
scholarship,B1,scholarship-72,0.001953125,true_income=499997;reported_income=499997,10,0,False,False,-10,reduce_work
scholarship,B1,scholarship-73,0.001953125,true_income=499997;reported_income=499997,10,0.5,False,False,-10.0,reduce_work
scholarship,B1,scholarship-74,0.001953125,true_income=499997;reported_income=499997,10,1,False,False,-10,reduce_work
scholarship,B1,scholarship-75,0.001953125,true_income=499997;reported_income=499997,10,2,False,False,-10,reduce_work
scholarship,B1,scholarship-76,0.001953125,true_income=499997;reported_income=499997,100,0,False,False,-100,reduce_work
scholarship,B1,scholarship-77,0.001953125,true_income=499997;reported_income=499997,100,0.5,False,False,-100.0,reduce_work
scholarship,B1,scholarship-78,0.001953125,true_income=499997;reported_income=499997,100,1,False,False,-100,reduce_work
scholarship,B1,scholarship-79,0.001953125,true_income=499997;reported_income=499997,100,2,False,False,-100,reduce_work
scholarship,B1,scholarship-80,0.001953125,true_income=499997;reported_income=499997,1000,0,False,False,-1000,reduce_work
scholarship,B1,scholarship-81,0.001953125,true_income=499997;reported_income=499997,1000,0.5,False,False,-1000.0,reduce_work
scholarship,B1,scholarship-82,0.001953125,true_income=499997;reported_income=499997,1000,1,False,False,-1000,reduce_work
scholarship,B1,scholarship-83,0.001953125,true_income=499997;reported_income=499997,1000,2,False,False,-1000,reduce_work
scholarship,B1,scholarship-84,0.001953125,true_income=499997;reported_income=499997,50000,0,False,False,-50000,reduce_work
scholarship,B1,scholarship-85,0.001953125,true_income=499997;reported_income=499997,50000,0.5,False,False,-50000.0,reduce_work
scholarship,B1,scholarship-86,0.001953125,true_income=499997;reported_income=499997,50000,1,False,False,-50000,reduce_work
scholarship,B1,scholarship-87,0.001953125,true_income=499997;reported_income=499997,50000,2,False,False,-50000,reduce_work
scholarship,B1,scholarship-88,0.001953125,true_income=499997;reported_income=499997,99999,0,False,False,-99999,reduce_work
scholarship,B1,scholarship-89,0.001953125,true_income=499997;reported_income=499997,99999,0.5,False,False,-99999.0,reduce_work
scholarship,B1,scholarship-90,0.001953125,true_income=499997;reported_income=499997,99999,1,False,False,-99999,reduce_work
scholarship,B1,scholarship-91,0.001953125,true_income=499997;reported_income=499997,99999,2,False,False,-99999,reduce_work
scholarship,B1,scholarship-92,0.001953125,true_income=499997;reported_income=499997,100000,0,False,False,-100000,reduce_work
scholarship,B1,scholarship-93,0.001953125,true_income=499997;reported_income=499997,100000,0.5,False,False,-100000.0,reduce_work
scholarship,B1,scholarship-94,0.001953125,true_income=499997;reported_income=499997,100000,1,False,False,-100000,reduce_work
scholarship,B1,scholarship-95,0.001953125,true_income=499997;reported_income=499997,100000,2,False,False,-100000,reduce_work
scholarship,B1,scholarship-96,0.001953125,true_income=499998;reported_income=499998,0,0,False,False,0,reduce_work
scholarship,B1,scholarship-97,0.001953125,true_income=499998;reported_income=499998,0,0.5,False,False,0.0,reduce_work
scholarship,B1,scholarship-98,0.001953125,true_income=499998;reported_income=499998,0,1,False,False,0,reduce_work
scholarship,B1,scholarship-99,0.001953125,true_income=499998;reported_income=499998,0,2,False,False,0,reduce_work
scholarship,B1,scholarship-100,0.001953125,true_income=499998;reported_income=499998,1,0,False,False,-1,reduce_work
scholarship,B1,scholarship-101,0.001953125,true_income=499998;reported_income=499998,1,0.5,False,False,-1.0,reduce_work
scholarship,B1,scholarship-102,0.001953125,true_income=499998;reported_income=499998,1,1,False,False,-1,reduce_work
scholarship,B1,scholarship-103,0.001953125,true_income=499998;reported_income=499998,1,2,False,False,-1,reduce_work
scholarship,B1,scholarship-104,0.001953125,true_income=499998;reported_income=499998,10,0,False,False,-10,reduce_work
scholarship,B1,scholarship-105,0.001953125,true_income=499998;reported_income=499998,10,0.5,False,False,-10.0,reduce_work
scholarship,B1,scholarship-106,0.001953125,true_income=499998;reported_income=499998,10,1,False,False,-10,reduce_work
scholarship,B1,scholarship-107,0.001953125,true_income=499998;reported_income=499998,10,2,False,False,-10,reduce_work
scholarship,B1,scholarship-108,0.001953125,true_income=499998;reported_income=499998,100,0,False,False,-100,reduce_work
scholarship,B1,scholarship-109,0.001953125,true_income=499998;reported_income=499998,100,0.5,False,False,-100.0,reduce_work
scholarship,B1,scholarship-110,0.001953125,true_income=499998;reported_income=499998,100,1,False,False,-100,reduce_work
scholarship,B1,scholarship-111,0.001953125,true_income=499998;reported_income=499998,100,2,False,False,-100,reduce_work
scholarship,B1,scholarship-112,0.001953125,true_income=499998;reported_income=499998,1000,0,False,False,-1000,reduce_work
scholarship,B1,scholarship-113,0.001953125,true_income=499998;reported_income=499998,1000,0.5,False,False,-1000.0,reduce_work
scholarship,B1,scholarship-114,0.001953125,true_income=499998;reported_income=499998,1000,1,False,False,-1000,reduce_work
scholarship,B1,scholarship-115,0.001953125,true_income=499998;reported_income=499998,1000,2,False,False,-1000,reduce_work
scholarship,B1,scholarship-116,0.001953125,true_income=499998;reported_income=499998,50000,0,False,False,-50000,reduce_work
scholarship,B1,scholarship-117,0.001953125,true_income=499998;reported_income=499998,50000,0.5,False,False,-50000.0,reduce_work
scholarship,B1,scholarship-118,0.001953125,true_income=499998;reported_income=499998,50000,1,False,False,-50000,reduce_work
scholarship,B1,scholarship-119,0.001953125,true_income=499998;reported_income=499998,50000,2,False,False,-50000,reduce_work
scholarship,B1,scholarship-120,0.001953125,true_income=499998;reported_income=499998,99999,0,False,False,-99999,reduce_work
scholarship,B1,scholarship-121,0.001953125,true_income=499998;reported_income=499998,99999,0.5,False,False,-99999.0,reduce_work
scholarship,B1,scholarship-122,0.001953125,true_income=499998;reported_income=499998,99999,1,False,False,-99999,reduce_work
scholarship,B1,scholarship-123,0.001953125,true_income=499998;reported_income=499998,99999,2,False,False,-99999,reduce_work
scholarship,B1,scholarship-124,0.001953125,true_income=499998;reported_income=499998,100000,0,False,False,-100000,reduce_work
scholarship,B1,scholarship-125,0.001953125,true_income=499998;reported_income=499998,100000,0.5,False,False,-100000.0,reduce_work
scholarship,B1,scholarship-126,0.001953125,true_income=499998;reported_income=499998,100000,1,False,False,-100000,reduce_work
scholarship,B1,scholarship-127,0.001953125,true_income=499998;reported_income=499998,100000,2,False,False,-100000,reduce_work
scholarship,B1,scholarship-128,0.001953125,true_income=499999;reported_income=499999,0,0,False,False,0,reduce_work
scholarship,B1,scholarship-129,0.001953125,true_income=499999;reported_income=499999,0,0.5,False,False,0.0,reduce_work
scholarship,B1,scholarship-130,0.001953125,true_income=499999;reported_income=499999,0,1,False,False,0,reduce_work
scholarship,B1,scholarship-131,0.001953125,true_income=499999;reported_income=499999,0,2,False,False,0,reduce_work
scholarship,B1,scholarship-132,0.001953125,true_income=499999;reported_income=499999,1,0,False,False,-1,reduce_work
scholarship,B1,scholarship-133,0.001953125,true_income=499999;reported_income=499999,1,0.5,False,False,-1.0,reduce_work
scholarship,B1,scholarship-134,0.001953125,true_income=499999;reported_income=499999,1,1,False,False,-1,reduce_work
scholarship,B1,scholarship-135,0.001953125,true_income=499999;reported_income=499999,1,2,False,False,-1,reduce_work
scholarship,B1,scholarship-136,0.001953125,true_income=499999;reported_income=499999,10,0,False,False,-10,reduce_work
scholarship,B1,scholarship-137,0.001953125,true_income=499999;reported_income=499999,10,0.5,False,False,-10.0,reduce_work
scholarship,B1,scholarship-138,0.001953125,true_income=499999;reported_income=499999,10,1,False,False,-10,reduce_work
scholarship,B1,scholarship-139,0.001953125,true_income=499999;reported_income=499999,10,2,False,False,-10,reduce_work
scholarship,B1,scholarship-140,0.001953125,true_income=499999;reported_income=499999,100,0,False,False,-100,reduce_work
scholarship,B1,scholarship-141,0.001953125,true_income=499999;reported_income=499999,100,0.5,False,False,-100.0,reduce_work
scholarship,B1,scholarship-142,0.001953125,true_income=499999;reported_income=499999,100,1,False,False,-100,reduce_work
scholarship,B1,scholarship-143,0.001953125,true_income=499999;reported_income=499999,100,2,False,False,-100,reduce_work
scholarship,B1,scholarship-144,0.001953125,true_income=499999;reported_income=499999,1000,0,False,False,-1000,reduce_work
scholarship,B1,scholarship-145,0.001953125,true_income=499999;reported_income=499999,1000,0.5,False,False,-1000.0,reduce_work
scholarship,B1,scholarship-146,0.001953125,true_income=499999;reported_income=499999,1000,1,False,False,-1000,reduce_work
scholarship,B1,scholarship-147,0.001953125,true_income=499999;reported_income=499999,1000,2,False,False,-1000,reduce_work
scholarship,B1,scholarship-148,0.001953125,true_income=499999;reported_income=499999,50000,0,False,False,-50000,reduce_work
scholarship,B1,scholarship-149,0.001953125,true_income=499999;reported_income=499999,50000,0.5,False,False,-50000.0,reduce_work
scholarship,B1,scholarship-150,0.001953125,true_income=499999;reported_income=499999,50000,1,False,False,-50000,reduce_work
scholarship,B1,scholarship-151,0.001953125,true_income=499999;reported_income=499999,50000,2,False,False,-50000,reduce_work
scholarship,B1,scholarship-152,0.001953125,true_income=499999;reported_income=499999,99999,0,False,False,-99999,reduce_work
scholarship,B1,scholarship-153,0.001953125,true_income=499999;reported_income=499999,99999,0.5,False,False,-99999.0,reduce_work
scholarship,B1,scholarship-154,0.001953125,true_income=499999;reported_income=499999,99999,1,False,False,-99999,reduce_work
scholarship,B1,scholarship-155,0.001953125,true_income=499999;reported_income=499999,99999,2,False,False,-99999,reduce_work
scholarship,B1,scholarship-156,0.001953125,true_income=499999;reported_income=499999,100000,0,False,False,-100000,reduce_work
scholarship,B1,scholarship-157,0.001953125,true_income=499999;reported_income=499999,100000,0.5,False,False,-100000.0,reduce_work
scholarship,B1,scholarship-158,0.001953125,true_income=499999;reported_income=499999,100000,1,False,False,-100000,reduce_work
scholarship,B1,scholarship-159,0.001953125,true_income=499999;reported_income=499999,100000,2,False,False,-100000,reduce_work
scholarship,B1,scholarship-160,0.001953125,true_income=499999;reported_income=499999,0,0,True,True,99999,reduce_work
scholarship,B1,scholarship-161,0.001953125,true_income=499999;reported_income=499999,0,0.5,True,True,99999.0,reduce_work
scholarship,B1,scholarship-162,0.001953125,true_income=499999;reported_income=499999,0,1,True,True,99999,reduce_work
scholarship,B1,scholarship-163,0.001953125,true_income=499999;reported_income=499999,0,2,True,True,99999,reduce_work
scholarship,B1,scholarship-164,0.001953125,true_income=499999;reported_income=499999,1,0,True,True,99998,reduce_work
scholarship,B1,scholarship-165,0.001953125,true_income=499999;reported_income=499999,1,0.5,True,True,99998.0,reduce_work
scholarship,B1,scholarship-166,0.001953125,true_income=499999;reported_income=499999,1,1,True,True,99998,reduce_work
scholarship,B1,scholarship-167,0.001953125,true_income=499999;reported_income=499999,1,2,True,True,99998,reduce_work
scholarship,B1,scholarship-168,0.001953125,true_income=499999;reported_income=499999,10,0,True,True,99989,reduce_work
scholarship,B1,scholarship-169,0.001953125,true_income=499999;reported_income=499999,10,0.5,True,True,99989.0,reduce_work
scholarship,B1,scholarship-170,0.001953125,true_income=499999;reported_income=499999,10,1,True,True,99989,reduce_work
scholarship,B1,scholarship-171,0.001953125,true_income=499999;reported_income=499999,10,2,True,True,99989,reduce_work
scholarship,B1,scholarship-172,0.001953125,true_income=499999;reported_income=499999,100,0,True,True,99899,reduce_work
scholarship,B1,scholarship-173,0.001953125,true_income=499999;reported_income=499999,100,0.5,True,True,99899.0,reduce_work
scholarship,B1,scholarship-174,0.001953125,true_income=499999;reported_income=499999,100,1,True,True,99899,reduce_work
scholarship,B1,scholarship-175,0.001953125,true_income=499999;reported_income=499999,100,2,True,True,99899,reduce_work
scholarship,B1,scholarship-176,0.001953125,true_income=499999;reported_income=499999,1000,0,True,True,98999,reduce_work
scholarship,B1,scholarship-177,0.001953125,true_income=499999;reported_income=499999,1000,0.5,True,True,98999.0,reduce_work
scholarship,B1,scholarship-178,0.001953125,true_income=499999;reported_income=499999,1000,1,True,True,98999,reduce_work
scholarship,B1,scholarship-179,0.001953125,true_income=499999;reported_income=499999,1000,2,True,True,98999,reduce_work
scholarship,B1,scholarship-180,0.001953125,true_income=499999;reported_income=499999,50000,0,True,True,49999,reduce_work
scholarship,B1,scholarship-181,0.001953125,true_income=499999;reported_income=499999,50000,0.5,True,True,49999.0,reduce_work
scholarship,B1,scholarship-182,0.001953125,true_income=499999;reported_income=499999,50000,1,True,True,49999,reduce_work
scholarship,B1,scholarship-183,0.001953125,true_income=499999;reported_income=499999,50000,2,True,True,49999,reduce_work
scholarship,B1,scholarship-184,0.001953125,true_income=500000;reported_income=500000,99999,0,False,False,0,reduce_work
scholarship,B1,scholarship-185,0.001953125,true_income=500000;reported_income=500000,99999,0.5,False,False,0.0,reduce_work
scholarship,B1,scholarship-186,0.001953125,true_income=500000;reported_income=500000,99999,1,False,False,0,reduce_work
scholarship,B1,scholarship-187,0.001953125,true_income=500000;reported_income=500000,99999,2,False,False,0,reduce_work
scholarship,B1,scholarship-188,0.001953125,true_income=500000;reported_income=500000,100000,0,False,False,-1,reduce_work
scholarship,B1,scholarship-189,0.001953125,true_income=500000;reported_income=500000,100000,0.5,False,False,-1.0,reduce_work
scholarship,B1,scholarship-190,0.001953125,true_income=500000;reported_income=500000,100000,1,False,False,-1,reduce_work
scholarship,B1,scholarship-191,0.001953125,true_income=500000;reported_income=500000,100000,2,False,False,-1,reduce_work
scholarship,B1,scholarship-192,0.001953125,true_income=499999;reported_income=499999,0,0,True,True,99998,reduce_work
scholarship,B1,scholarship-193,0.001953125,true_income=499999;reported_income=499999,0,0.5,True,True,99998.0,reduce_work
scholarship,B1,scholarship-194,0.001953125,true_income=499999;reported_income=499999,0,1,True,True,99998,reduce_work
scholarship,B1,scholarship-195,0.001953125,true_income=499999;reported_income=499999,0,2,True,True,99998,reduce_work
scholarship,B1,scholarship-196,0.001953125,true_income=499999;reported_income=499999,1,0,True,True,99997,reduce_work
scholarship,B1,scholarship-197,0.001953125,true_income=499999;reported_income=499999,1,0.5,True,True,99997.0,reduce_work
scholarship,B1,scholarship-198,0.001953125,true_income=499999;reported_income=499999,1,1,True,True,99997,reduce_work
scholarship,B1,scholarship-199,0.001953125,true_income=499999;reported_income=499999,1,2,True,True,99997,reduce_work
scholarship,B1,scholarship-200,0.001953125,true_income=499999;reported_income=499999,10,0,True,True,99988,reduce_work
scholarship,B1,scholarship-201,0.001953125,true_income=499999;reported_income=499999,10,0.5,True,True,99988.0,reduce_work
scholarship,B1,scholarship-202,0.001953125,true_income=499999;reported_income=499999,10,1,True,True,99988,reduce_work
scholarship,B1,scholarship-203,0.001953125,true_income=499999;reported_income=499999,10,2,True,True,99988,reduce_work
scholarship,B1,scholarship-204,0.001953125,true_income=499999;reported_income=499999,100,0,True,True,99898,reduce_work
scholarship,B1,scholarship-205,0.001953125,true_income=499999;reported_income=499999,100,0.5,True,True,99898.0,reduce_work
scholarship,B1,scholarship-206,0.001953125,true_income=499999;reported_income=499999,100,1,True,True,99898,reduce_work
scholarship,B1,scholarship-207,0.001953125,true_income=499999;reported_income=499999,100,2,True,True,99898,reduce_work
scholarship,B1,scholarship-208,0.001953125,true_income=499999;reported_income=499999,1000,0,True,True,98998,reduce_work
scholarship,B1,scholarship-209,0.001953125,true_income=499999;reported_income=499999,1000,0.5,True,True,98998.0,reduce_work
scholarship,B1,scholarship-210,0.001953125,true_income=499999;reported_income=499999,1000,1,True,True,98998,reduce_work
scholarship,B1,scholarship-211,0.001953125,true_income=499999;reported_income=499999,1000,2,True,True,98998,reduce_work
scholarship,B1,scholarship-212,0.001953125,true_income=499999;reported_income=499999,50000,0,True,True,49998,reduce_work
scholarship,B1,scholarship-213,0.001953125,true_income=499999;reported_income=499999,50000,0.5,True,True,49998.0,reduce_work
scholarship,B1,scholarship-214,0.001953125,true_income=499999;reported_income=499999,50000,1,True,True,49998,reduce_work
scholarship,B1,scholarship-215,0.001953125,true_income=499999;reported_income=499999,50000,2,True,True,49998,reduce_work
scholarship,B1,scholarship-216,0.001953125,true_income=500001;reported_income=500001,99999,0,False,False,-1,reduce_work
scholarship,B1,scholarship-217,0.001953125,true_income=500001;reported_income=500001,99999,0.5,False,False,-1.0,reduce_work
scholarship,B1,scholarship-218,0.001953125,true_income=500001;reported_income=500001,99999,1,False,False,-1,reduce_work
scholarship,B1,scholarship-219,0.001953125,true_income=500001;reported_income=500001,99999,2,False,False,-1,reduce_work
scholarship,B1,scholarship-220,0.001953125,true_income=500001;reported_income=500001,100000,0,False,False,-2,reduce_work
scholarship,B1,scholarship-221,0.001953125,true_income=500001;reported_income=500001,100000,0.5,False,False,-2.0,reduce_work
scholarship,B1,scholarship-222,0.001953125,true_income=500001;reported_income=500001,100000,1,False,False,-2,reduce_work
scholarship,B1,scholarship-223,0.001953125,true_income=500001;reported_income=500001,100000,2,False,False,-2,reduce_work
scholarship,B1,scholarship-224,0.001953125,true_income=500002;reported_income=500002,0,0,False,False,0,reduce_work
scholarship,B1,scholarship-225,0.001953125,true_income=500002;reported_income=500002,0,0.5,False,False,0.0,reduce_work
scholarship,B1,scholarship-226,0.001953125,true_income=500002;reported_income=500002,0,1,False,False,0,reduce_work
scholarship,B1,scholarship-227,0.001953125,true_income=500002;reported_income=500002,0,2,False,False,0,reduce_work
scholarship,B1,scholarship-228,0.001953125,true_income=500002;reported_income=500002,1,0,False,False,-1,reduce_work
scholarship,B1,scholarship-229,0.001953125,true_income=500002;reported_income=500002,1,0.5,False,False,-1.0,reduce_work
scholarship,B1,scholarship-230,0.001953125,true_income=500002;reported_income=500002,1,1,False,False,-1,reduce_work
scholarship,B1,scholarship-231,0.001953125,true_income=500002;reported_income=500002,1,2,False,False,-1,reduce_work
scholarship,B1,scholarship-232,0.001953125,true_income=500002;reported_income=500002,10,0,False,False,-10,reduce_work
scholarship,B1,scholarship-233,0.001953125,true_income=500002;reported_income=500002,10,0.5,False,False,-10.0,reduce_work
scholarship,B1,scholarship-234,0.001953125,true_income=500002;reported_income=500002,10,1,False,False,-10,reduce_work
scholarship,B1,scholarship-235,0.001953125,true_income=500002;reported_income=500002,10,2,False,False,-10,reduce_work
scholarship,B1,scholarship-236,0.001953125,true_income=500002;reported_income=500002,100,0,False,False,-100,reduce_work
scholarship,B1,scholarship-237,0.001953125,true_income=500002;reported_income=500002,100,0.5,False,False,-100.0,reduce_work
scholarship,B1,scholarship-238,0.001953125,true_income=500002;reported_income=500002,100,1,False,False,-100,reduce_work
scholarship,B1,scholarship-239,0.001953125,true_income=500002;reported_income=500002,100,2,False,False,-100,reduce_work
scholarship,B1,scholarship-240,0.001953125,true_income=500002;reported_income=500002,1000,0,False,False,-1000,reduce_work
scholarship,B1,scholarship-241,0.001953125,true_income=500002;reported_income=500002,1000,0.5,False,False,-1000.0,reduce_work
scholarship,B1,scholarship-242,0.001953125,true_income=500002;reported_income=500002,1000,1,False,False,-1000,reduce_work
scholarship,B1,scholarship-243,0.001953125,true_income=500002;reported_income=500002,1000,2,False,False,-1000,reduce_work
scholarship,B1,scholarship-244,0.001953125,true_income=500002;reported_income=500002,50000,0,False,False,-50000,reduce_work
scholarship,B1,scholarship-245,0.001953125,true_income=500002;reported_income=500002,50000,0.5,False,False,-50000.0,reduce_work
scholarship,B1,scholarship-246,0.001953125,true_income=500002;reported_income=500002,50000,1,False,False,-50000,reduce_work
scholarship,B1,scholarship-247,0.001953125,true_income=500002;reported_income=500002,50000,2,False,False,-50000,reduce_work
scholarship,B1,scholarship-248,0.001953125,true_income=500002;reported_income=500002,99999,0,False,False,-99999,reduce_work
scholarship,B1,scholarship-249,0.001953125,true_income=500002;reported_income=500002,99999,0.5,False,False,-99999.0,reduce_work
scholarship,B1,scholarship-250,0.001953125,true_income=500002;reported_income=500002,99999,1,False,False,-99999,reduce_work
scholarship,B1,scholarship-251,0.001953125,true_income=500002;reported_income=500002,99999,2,False,False,-99999,reduce_work
scholarship,B1,scholarship-252,0.001953125,true_income=500002;reported_income=500002,100000,0,False,False,-100000,reduce_work
scholarship,B1,scholarship-253,0.001953125,true_income=500002;reported_income=500002,100000,0.5,False,False,-100000.0,reduce_work
scholarship,B1,scholarship-254,0.001953125,true_income=500002;reported_income=500002,100000,1,False,False,-100000,reduce_work
scholarship,B1,scholarship-255,0.001953125,true_income=500002;reported_income=500002,100000,2,False,False,-100000,reduce_work
scholarship,B1,scholarship-256,0.001953125,true_income=500003;reported_income=500003,0,0,False,False,0,reduce_work
scholarship,B1,scholarship-257,0.001953125,true_income=500003;reported_income=500003,0,0.5,False,False,0.0,reduce_work
scholarship,B1,scholarship-258,0.001953125,true_income=500003;reported_income=500003,0,1,False,False,0,reduce_work
scholarship,B1,scholarship-259,0.001953125,true_income=500003;reported_income=500003,0,2,False,False,0,reduce_work
scholarship,B1,scholarship-260,0.001953125,true_income=500003;reported_income=500003,1,0,False,False,-1,reduce_work
scholarship,B1,scholarship-261,0.001953125,true_income=500003;reported_income=500003,1,0.5,False,False,-1.0,reduce_work
scholarship,B1,scholarship-262,0.001953125,true_income=500003;reported_income=500003,1,1,False,False,-1,reduce_work
scholarship,B1,scholarship-263,0.001953125,true_income=500003;reported_income=500003,1,2,False,False,-1,reduce_work
scholarship,B1,scholarship-264,0.001953125,true_income=500003;reported_income=500003,10,0,False,False,-10,reduce_work
scholarship,B1,scholarship-265,0.001953125,true_income=500003;reported_income=500003,10,0.5,False,False,-10.0,reduce_work
scholarship,B1,scholarship-266,0.001953125,true_income=500003;reported_income=500003,10,1,False,False,-10,reduce_work
scholarship,B1,scholarship-267,0.001953125,true_income=500003;reported_income=500003,10,2,False,False,-10,reduce_work
scholarship,B1,scholarship-268,0.001953125,true_income=500003;reported_income=500003,100,0,False,False,-100,reduce_work
scholarship,B1,scholarship-269,0.001953125,true_income=500003;reported_income=500003,100,0.5,False,False,-100.0,reduce_work
scholarship,B1,scholarship-270,0.001953125,true_income=500003;reported_income=500003,100,1,False,False,-100,reduce_work
scholarship,B1,scholarship-271,0.001953125,true_income=500003;reported_income=500003,100,2,False,False,-100,reduce_work
scholarship,B1,scholarship-272,0.001953125,true_income=500003;reported_income=500003,1000,0,False,False,-1000,reduce_work
scholarship,B1,scholarship-273,0.001953125,true_income=500003;reported_income=500003,1000,0.5,False,False,-1000.0,reduce_work
scholarship,B1,scholarship-274,0.001953125,true_income=500003;reported_income=500003,1000,1,False,False,-1000,reduce_work
scholarship,B1,scholarship-275,0.001953125,true_income=500003;reported_income=500003,1000,2,False,False,-1000,reduce_work
scholarship,B1,scholarship-276,0.001953125,true_income=500003;reported_income=500003,50000,0,False,False,-50000,reduce_work
scholarship,B1,scholarship-277,0.001953125,true_income=500003;reported_income=500003,50000,0.5,False,False,-50000.0,reduce_work
scholarship,B1,scholarship-278,0.001953125,true_income=500003;reported_income=500003,50000,1,False,False,-50000,reduce_work
scholarship,B1,scholarship-279,0.001953125,true_income=500003;reported_income=500003,50000,2,False,False,-50000,reduce_work
scholarship,B1,scholarship-280,0.001953125,true_income=500003;reported_income=500003,99999,0,False,False,-99999,reduce_work
scholarship,B1,scholarship-281,0.001953125,true_income=500003;reported_income=500003,99999,0.5,False,False,-99999.0,reduce_work
scholarship,B1,scholarship-282,0.001953125,true_income=500003;reported_income=500003,99999,1,False,False,-99999,reduce_work
scholarship,B1,scholarship-283,0.001953125,true_income=500003;reported_income=500003,99999,2,False,False,-99999,reduce_work
scholarship,B1,scholarship-284,0.001953125,true_income=500003;reported_income=500003,100000,0,False,False,-100000,reduce_work
scholarship,B1,scholarship-285,0.001953125,true_income=500003;reported_income=500003,100000,0.5,False,False,-100000.0,reduce_work
scholarship,B1,scholarship-286,0.001953125,true_income=500003;reported_income=500003,100000,1,False,False,-100000,reduce_work
scholarship,B1,scholarship-287,0.001953125,true_income=500003;reported_income=500003,100000,2,False,False,-100000,reduce_work
scholarship,B1,scholarship-288,0.001953125,true_income=500004;reported_income=500004,0,0,False,False,0,reduce_work
scholarship,B1,scholarship-289,0.001953125,true_income=500004;reported_income=500004,0,0.5,False,False,0.0,reduce_work
scholarship,B1,scholarship-290,0.001953125,true_income=500004;reported_income=500004,0,1,False,False,0,reduce_work
scholarship,B1,scholarship-291,0.001953125,true_income=500004;reported_income=500004,0,2,False,False,0,reduce_work
scholarship,B1,scholarship-292,0.001953125,true_income=500004;reported_income=500004,1,0,False,False,-1,reduce_work
scholarship,B1,scholarship-293,0.001953125,true_income=500004;reported_income=500004,1,0.5,False,False,-1.0,reduce_work
scholarship,B1,scholarship-294,0.001953125,true_income=500004;reported_income=500004,1,1,False,False,-1,reduce_work
scholarship,B1,scholarship-295,0.001953125,true_income=500004;reported_income=500004,1,2,False,False,-1,reduce_work
scholarship,B1,scholarship-296,0.001953125,true_income=500004;reported_income=500004,10,0,False,False,-10,reduce_work
scholarship,B1,scholarship-297,0.001953125,true_income=500004;reported_income=500004,10,0.5,False,False,-10.0,reduce_work
scholarship,B1,scholarship-298,0.001953125,true_income=500004;reported_income=500004,10,1,False,False,-10,reduce_work
scholarship,B1,scholarship-299,0.001953125,true_income=500004;reported_income=500004,10,2,False,False,-10,reduce_work
scholarship,B1,scholarship-300,0.001953125,true_income=500004;reported_income=500004,100,0,False,False,-100,reduce_work
scholarship,B1,scholarship-301,0.001953125,true_income=500004;reported_income=500004,100,0.5,False,False,-100.0,reduce_work
scholarship,B1,scholarship-302,0.001953125,true_income=500004;reported_income=500004,100,1,False,False,-100,reduce_work
scholarship,B1,scholarship-303,0.001953125,true_income=500004;reported_income=500004,100,2,False,False,-100,reduce_work
scholarship,B1,scholarship-304,0.001953125,true_income=500004;reported_income=500004,1000,0,False,False,-1000,reduce_work
scholarship,B1,scholarship-305,0.001953125,true_income=500004;reported_income=500004,1000,0.5,False,False,-1000.0,reduce_work
scholarship,B1,scholarship-306,0.001953125,true_income=500004;reported_income=500004,1000,1,False,False,-1000,reduce_work
scholarship,B1,scholarship-307,0.001953125,true_income=500004;reported_income=500004,1000,2,False,False,-1000,reduce_work
scholarship,B1,scholarship-308,0.001953125,true_income=500004;reported_income=500004,50000,0,False,False,-50000,reduce_work
scholarship,B1,scholarship-309,0.001953125,true_income=500004;reported_income=500004,50000,0.5,False,False,-50000.0,reduce_work
scholarship,B1,scholarship-310,0.001953125,true_income=500004;reported_income=500004,50000,1,False,False,-50000,reduce_work
scholarship,B1,scholarship-311,0.001953125,true_income=500004;reported_income=500004,50000,2,False,False,-50000,reduce_work
scholarship,B1,scholarship-312,0.001953125,true_income=500004;reported_income=500004,99999,0,False,False,-99999,reduce_work
scholarship,B1,scholarship-313,0.001953125,true_income=500004;reported_income=500004,99999,0.5,False,False,-99999.0,reduce_work
scholarship,B1,scholarship-314,0.001953125,true_income=500004;reported_income=500004,99999,1,False,False,-99999,reduce_work
scholarship,B1,scholarship-315,0.001953125,true_income=500004;reported_income=500004,99999,2,False,False,-99999,reduce_work
scholarship,B1,scholarship-316,0.001953125,true_income=500004;reported_income=500004,100000,0,False,False,-100000,reduce_work
scholarship,B1,scholarship-317,0.001953125,true_income=500004;reported_income=500004,100000,0.5,False,False,-100000.0,reduce_work
scholarship,B1,scholarship-318,0.001953125,true_income=500004;reported_income=500004,100000,1,False,False,-100000,reduce_work
scholarship,B1,scholarship-319,0.001953125,true_income=500004;reported_income=500004,100000,2,False,False,-100000,reduce_work
scholarship,B1,scholarship-320,0.001953125,true_income=500005;reported_income=500005,0,0,False,False,0,reduce_work
scholarship,B1,scholarship-321,0.001953125,true_income=500005;reported_income=500005,0,0.5,False,False,0.0,reduce_work
scholarship,B1,scholarship-322,0.001953125,true_income=500005;reported_income=500005,0,1,False,False,0,reduce_work
scholarship,B1,scholarship-323,0.001953125,true_income=500005;reported_income=500005,0,2,False,False,0,reduce_work
scholarship,B1,scholarship-324,0.001953125,true_income=500005;reported_income=500005,1,0,False,False,-1,reduce_work
scholarship,B1,scholarship-325,0.001953125,true_income=500005;reported_income=500005,1,0.5,False,False,-1.0,reduce_work
scholarship,B1,scholarship-326,0.001953125,true_income=500005;reported_income=500005,1,1,False,False,-1,reduce_work
scholarship,B1,scholarship-327,0.001953125,true_income=500005;reported_income=500005,1,2,False,False,-1,reduce_work
scholarship,B1,scholarship-328,0.001953125,true_income=500005;reported_income=500005,10,0,False,False,-10,reduce_work
scholarship,B1,scholarship-329,0.001953125,true_income=500005;reported_income=500005,10,0.5,False,False,-10.0,reduce_work
scholarship,B1,scholarship-330,0.001953125,true_income=500005;reported_income=500005,10,1,False,False,-10,reduce_work
scholarship,B1,scholarship-331,0.001953125,true_income=500005;reported_income=500005,10,2,False,False,-10,reduce_work
scholarship,B1,scholarship-332,0.001953125,true_income=500005;reported_income=500005,100,0,False,False,-100,reduce_work
scholarship,B1,scholarship-333,0.001953125,true_income=500005;reported_income=500005,100,0.5,False,False,-100.0,reduce_work
scholarship,B1,scholarship-334,0.001953125,true_income=500005;reported_income=500005,100,1,False,False,-100,reduce_work
scholarship,B1,scholarship-335,0.001953125,true_income=500005;reported_income=500005,100,2,False,False,-100,reduce_work
scholarship,B1,scholarship-336,0.001953125,true_income=500005;reported_income=500005,1000,0,False,False,-1000,reduce_work
scholarship,B1,scholarship-337,0.001953125,true_income=500005;reported_income=500005,1000,0.5,False,False,-1000.0,reduce_work
scholarship,B1,scholarship-338,0.001953125,true_income=500005;reported_income=500005,1000,1,False,False,-1000,reduce_work
scholarship,B1,scholarship-339,0.001953125,true_income=500005;reported_income=500005,1000,2,False,False,-1000,reduce_work
scholarship,B1,scholarship-340,0.001953125,true_income=500005;reported_income=500005,50000,0,False,False,-50000,reduce_work
scholarship,B1,scholarship-341,0.001953125,true_income=500005;reported_income=500005,50000,0.5,False,False,-50000.0,reduce_work
scholarship,B1,scholarship-342,0.001953125,true_income=500005;reported_income=500005,50000,1,False,False,-50000,reduce_work
scholarship,B1,scholarship-343,0.001953125,true_income=500005;reported_income=500005,50000,2,False,False,-50000,reduce_work
scholarship,B1,scholarship-344,0.001953125,true_income=500005;reported_income=500005,99999,0,False,False,-99999,reduce_work
scholarship,B1,scholarship-345,0.001953125,true_income=500005;reported_income=500005,99999,0.5,False,False,-99999.0,reduce_work
scholarship,B1,scholarship-346,0.001953125,true_income=500005;reported_income=500005,99999,1,False,False,-99999,reduce_work
scholarship,B1,scholarship-347,0.001953125,true_income=500005;reported_income=500005,99999,2,False,False,-99999,reduce_work
scholarship,B1,scholarship-348,0.001953125,true_income=500005;reported_income=500005,100000,0,False,False,-100000,reduce_work
scholarship,B1,scholarship-349,0.001953125,true_income=500005;reported_income=500005,100000,0.5,False,False,-100000.0,reduce_work
scholarship,B1,scholarship-350,0.001953125,true_income=500005;reported_income=500005,100000,1,False,False,-100000,reduce_work
scholarship,B1,scholarship-351,0.001953125,true_income=500005;reported_income=500005,100000,2,False,False,-100000,reduce_work
scholarship,B1,scholarship-352,0.001953125,true_income=500006;reported_income=500006,0,0,False,False,0,reduce_work
scholarship,B1,scholarship-353,0.001953125,true_income=500006;reported_income=500006,0,0.5,False,False,0.0,reduce_work
scholarship,B1,scholarship-354,0.001953125,true_income=500006;reported_income=500006,0,1,False,False,0,reduce_work
scholarship,B1,scholarship-355,0.001953125,true_income=500006;reported_income=500006,0,2,False,False,0,reduce_work
scholarship,B1,scholarship-356,0.001953125,true_income=500006;reported_income=500006,1,0,False,False,-1,reduce_work
scholarship,B1,scholarship-357,0.001953125,true_income=500006;reported_income=500006,1,0.5,False,False,-1.0,reduce_work
scholarship,B1,scholarship-358,0.001953125,true_income=500006;reported_income=500006,1,1,False,False,-1,reduce_work
scholarship,B1,scholarship-359,0.001953125,true_income=500006;reported_income=500006,1,2,False,False,-1,reduce_work
scholarship,B1,scholarship-360,0.001953125,true_income=500006;reported_income=500006,10,0,False,False,-10,reduce_work
scholarship,B1,scholarship-361,0.001953125,true_income=500006;reported_income=500006,10,0.5,False,False,-10.0,reduce_work
scholarship,B1,scholarship-362,0.001953125,true_income=500006;reported_income=500006,10,1,False,False,-10,reduce_work
scholarship,B1,scholarship-363,0.001953125,true_income=500006;reported_income=500006,10,2,False,False,-10,reduce_work
scholarship,B1,scholarship-364,0.001953125,true_income=500006;reported_income=500006,100,0,False,False,-100,reduce_work
scholarship,B1,scholarship-365,0.001953125,true_income=500006;reported_income=500006,100,0.5,False,False,-100.0,reduce_work
scholarship,B1,scholarship-366,0.001953125,true_income=500006;reported_income=500006,100,1,False,False,-100,reduce_work
scholarship,B1,scholarship-367,0.001953125,true_income=500006;reported_income=500006,100,2,False,False,-100,reduce_work
scholarship,B1,scholarship-368,0.001953125,true_income=500006;reported_income=500006,1000,0,False,False,-1000,reduce_work
scholarship,B1,scholarship-369,0.001953125,true_income=500006;reported_income=500006,1000,0.5,False,False,-1000.0,reduce_work
scholarship,B1,scholarship-370,0.001953125,true_income=500006;reported_income=500006,1000,1,False,False,-1000,reduce_work
scholarship,B1,scholarship-371,0.001953125,true_income=500006;reported_income=500006,1000,2,False,False,-1000,reduce_work
scholarship,B1,scholarship-372,0.001953125,true_income=500006;reported_income=500006,50000,0,False,False,-50000,reduce_work
scholarship,B1,scholarship-373,0.001953125,true_income=500006;reported_income=500006,50000,0.5,False,False,-50000.0,reduce_work
scholarship,B1,scholarship-374,0.001953125,true_income=500006;reported_income=500006,50000,1,False,False,-50000,reduce_work
scholarship,B1,scholarship-375,0.001953125,true_income=500006;reported_income=500006,50000,2,False,False,-50000,reduce_work
scholarship,B1,scholarship-376,0.001953125,true_income=500006;reported_income=500006,99999,0,False,False,-99999,reduce_work
scholarship,B1,scholarship-377,0.001953125,true_income=500006;reported_income=500006,99999,0.5,False,False,-99999.0,reduce_work
scholarship,B1,scholarship-378,0.001953125,true_income=500006;reported_income=500006,99999,1,False,False,-99999,reduce_work
scholarship,B1,scholarship-379,0.001953125,true_income=500006;reported_income=500006,99999,2,False,False,-99999,reduce_work
scholarship,B1,scholarship-380,0.001953125,true_income=500006;reported_income=500006,100000,0,False,False,-100000,reduce_work
scholarship,B1,scholarship-381,0.001953125,true_income=500006;reported_income=500006,100000,0.5,False,False,-100000.0,reduce_work
scholarship,B1,scholarship-382,0.001953125,true_income=500006;reported_income=500006,100000,1,False,False,-100000,reduce_work
scholarship,B1,scholarship-383,0.001953125,true_income=500006;reported_income=500006,100000,2,False,False,-100000,reduce_work
scholarship,B1,scholarship-384,0.001953125,true_income=500007;reported_income=500007,0,0,False,False,0,reduce_work
scholarship,B1,scholarship-385,0.001953125,true_income=500007;reported_income=500007,0,0.5,False,False,0.0,reduce_work
scholarship,B1,scholarship-386,0.001953125,true_income=500007;reported_income=500007,0,1,False,False,0,reduce_work
scholarship,B1,scholarship-387,0.001953125,true_income=500007;reported_income=500007,0,2,False,False,0,reduce_work
scholarship,B1,scholarship-388,0.001953125,true_income=500007;reported_income=500007,1,0,False,False,-1,reduce_work
scholarship,B1,scholarship-389,0.001953125,true_income=500007;reported_income=500007,1,0.5,False,False,-1.0,reduce_work
scholarship,B1,scholarship-390,0.001953125,true_income=500007;reported_income=500007,1,1,False,False,-1,reduce_work
scholarship,B1,scholarship-391,0.001953125,true_income=500007;reported_income=500007,1,2,False,False,-1,reduce_work
scholarship,B1,scholarship-392,0.001953125,true_income=500007;reported_income=500007,10,0,False,False,-10,reduce_work
scholarship,B1,scholarship-393,0.001953125,true_income=500007;reported_income=500007,10,0.5,False,False,-10.0,reduce_work
scholarship,B1,scholarship-394,0.001953125,true_income=500007;reported_income=500007,10,1,False,False,-10,reduce_work
scholarship,B1,scholarship-395,0.001953125,true_income=500007;reported_income=500007,10,2,False,False,-10,reduce_work
scholarship,B1,scholarship-396,0.001953125,true_income=500007;reported_income=500007,100,0,False,False,-100,reduce_work
scholarship,B1,scholarship-397,0.001953125,true_income=500007;reported_income=500007,100,0.5,False,False,-100.0,reduce_work
scholarship,B1,scholarship-398,0.001953125,true_income=500007;reported_income=500007,100,1,False,False,-100,reduce_work
scholarship,B1,scholarship-399,0.001953125,true_income=500007;reported_income=500007,100,2,False,False,-100,reduce_work
scholarship,B1,scholarship-400,0.001953125,true_income=500007;reported_income=500007,1000,0,False,False,-1000,reduce_work
scholarship,B1,scholarship-401,0.001953125,true_income=500007;reported_income=500007,1000,0.5,False,False,-1000.0,reduce_work
scholarship,B1,scholarship-402,0.001953125,true_income=500007;reported_income=500007,1000,1,False,False,-1000,reduce_work
scholarship,B1,scholarship-403,0.001953125,true_income=500007;reported_income=500007,1000,2,False,False,-1000,reduce_work
scholarship,B1,scholarship-404,0.001953125,true_income=500007;reported_income=500007,50000,0,False,False,-50000,reduce_work
scholarship,B1,scholarship-405,0.001953125,true_income=500007;reported_income=500007,50000,0.5,False,False,-50000.0,reduce_work
scholarship,B1,scholarship-406,0.001953125,true_income=500007;reported_income=500007,50000,1,False,False,-50000,reduce_work
scholarship,B1,scholarship-407,0.001953125,true_income=500007;reported_income=500007,50000,2,False,False,-50000,reduce_work
scholarship,B1,scholarship-408,0.001953125,true_income=500007;reported_income=500007,99999,0,False,False,-99999,reduce_work
scholarship,B1,scholarship-409,0.001953125,true_income=500007;reported_income=500007,99999,0.5,False,False,-99999.0,reduce_work
scholarship,B1,scholarship-410,0.001953125,true_income=500007;reported_income=500007,99999,1,False,False,-99999,reduce_work
scholarship,B1,scholarship-411,0.001953125,true_income=500007;reported_income=500007,99999,2,False,False,-99999,reduce_work
scholarship,B1,scholarship-412,0.001953125,true_income=500007;reported_income=500007,100000,0,False,False,-100000,reduce_work
scholarship,B1,scholarship-413,0.001953125,true_income=500007;reported_income=500007,100000,0.5,False,False,-100000.0,reduce_work
scholarship,B1,scholarship-414,0.001953125,true_income=500007;reported_income=500007,100000,1,False,False,-100000,reduce_work
scholarship,B1,scholarship-415,0.001953125,true_income=500007;reported_income=500007,100000,2,False,False,-100000,reduce_work
scholarship,B1,scholarship-416,0.001953125,true_income=500008;reported_income=500008,0,0,False,False,0,reduce_work
scholarship,B1,scholarship-417,0.001953125,true_income=500008;reported_income=500008,0,0.5,False,False,0.0,reduce_work
scholarship,B1,scholarship-418,0.001953125,true_income=500008;reported_income=500008,0,1,False,False,0,reduce_work
scholarship,B1,scholarship-419,0.001953125,true_income=500008;reported_income=500008,0,2,False,False,0,reduce_work
scholarship,B1,scholarship-420,0.001953125,true_income=500008;reported_income=500008,1,0,False,False,-1,reduce_work
scholarship,B1,scholarship-421,0.001953125,true_income=500008;reported_income=500008,1,0.5,False,False,-1.0,reduce_work
scholarship,B1,scholarship-422,0.001953125,true_income=500008;reported_income=500008,1,1,False,False,-1,reduce_work
scholarship,B1,scholarship-423,0.001953125,true_income=500008;reported_income=500008,1,2,False,False,-1,reduce_work
scholarship,B1,scholarship-424,0.001953125,true_income=500008;reported_income=500008,10,0,False,False,-10,reduce_work
scholarship,B1,scholarship-425,0.001953125,true_income=500008;reported_income=500008,10,0.5,False,False,-10.0,reduce_work
scholarship,B1,scholarship-426,0.001953125,true_income=500008;reported_income=500008,10,1,False,False,-10,reduce_work
scholarship,B1,scholarship-427,0.001953125,true_income=500008;reported_income=500008,10,2,False,False,-10,reduce_work
scholarship,B1,scholarship-428,0.001953125,true_income=500008;reported_income=500008,100,0,False,False,-100,reduce_work
scholarship,B1,scholarship-429,0.001953125,true_income=500008;reported_income=500008,100,0.5,False,False,-100.0,reduce_work
scholarship,B1,scholarship-430,0.001953125,true_income=500008;reported_income=500008,100,1,False,False,-100,reduce_work
scholarship,B1,scholarship-431,0.001953125,true_income=500008;reported_income=500008,100,2,False,False,-100,reduce_work
scholarship,B1,scholarship-432,0.001953125,true_income=500008;reported_income=500008,1000,0,False,False,-1000,reduce_work
scholarship,B1,scholarship-433,0.001953125,true_income=500008;reported_income=500008,1000,0.5,False,False,-1000.0,reduce_work
scholarship,B1,scholarship-434,0.001953125,true_income=500008;reported_income=500008,1000,1,False,False,-1000,reduce_work
scholarship,B1,scholarship-435,0.001953125,true_income=500008;reported_income=500008,1000,2,False,False,-1000,reduce_work
scholarship,B1,scholarship-436,0.001953125,true_income=500008;reported_income=500008,50000,0,False,False,-50000,reduce_work
scholarship,B1,scholarship-437,0.001953125,true_income=500008;reported_income=500008,50000,0.5,False,False,-50000.0,reduce_work
scholarship,B1,scholarship-438,0.001953125,true_income=500008;reported_income=500008,50000,1,False,False,-50000,reduce_work
scholarship,B1,scholarship-439,0.001953125,true_income=500008;reported_income=500008,50000,2,False,False,-50000,reduce_work
scholarship,B1,scholarship-440,0.001953125,true_income=500008;reported_income=500008,99999,0,False,False,-99999,reduce_work
scholarship,B1,scholarship-441,0.001953125,true_income=500008;reported_income=500008,99999,0.5,False,False,-99999.0,reduce_work
scholarship,B1,scholarship-442,0.001953125,true_income=500008;reported_income=500008,99999,1,False,False,-99999,reduce_work
scholarship,B1,scholarship-443,0.001953125,true_income=500008;reported_income=500008,99999,2,False,False,-99999,reduce_work
scholarship,B1,scholarship-444,0.001953125,true_income=500008;reported_income=500008,100000,0,False,False,-100000,reduce_work
scholarship,B1,scholarship-445,0.001953125,true_income=500008;reported_income=500008,100000,0.5,False,False,-100000.0,reduce_work
scholarship,B1,scholarship-446,0.001953125,true_income=500008;reported_income=500008,100000,1,False,False,-100000,reduce_work
scholarship,B1,scholarship-447,0.001953125,true_income=500008;reported_income=500008,100000,2,False,False,-100000,reduce_work
scholarship,B1,scholarship-448,0.001953125,true_income=500009;reported_income=500009,0,0,False,False,0,reduce_work
scholarship,B1,scholarship-449,0.001953125,true_income=500009;reported_income=500009,0,0.5,False,False,0.0,reduce_work
scholarship,B1,scholarship-450,0.001953125,true_income=500009;reported_income=500009,0,1,False,False,0,reduce_work
scholarship,B1,scholarship-451,0.001953125,true_income=500009;reported_income=500009,0,2,False,False,0,reduce_work
scholarship,B1,scholarship-452,0.001953125,true_income=500009;reported_income=500009,1,0,False,False,-1,reduce_work
scholarship,B1,scholarship-453,0.001953125,true_income=500009;reported_income=500009,1,0.5,False,False,-1.0,reduce_work
scholarship,B1,scholarship-454,0.001953125,true_income=500009;reported_income=500009,1,1,False,False,-1,reduce_work
scholarship,B1,scholarship-455,0.001953125,true_income=500009;reported_income=500009,1,2,False,False,-1,reduce_work
scholarship,B1,scholarship-456,0.001953125,true_income=500009;reported_income=500009,10,0,False,False,-10,reduce_work
scholarship,B1,scholarship-457,0.001953125,true_income=500009;reported_income=500009,10,0.5,False,False,-10.0,reduce_work
scholarship,B1,scholarship-458,0.001953125,true_income=500009;reported_income=500009,10,1,False,False,-10,reduce_work
scholarship,B1,scholarship-459,0.001953125,true_income=500009;reported_income=500009,10,2,False,False,-10,reduce_work
scholarship,B1,scholarship-460,0.001953125,true_income=500009;reported_income=500009,100,0,False,False,-100,reduce_work
scholarship,B1,scholarship-461,0.001953125,true_income=500009;reported_income=500009,100,0.5,False,False,-100.0,reduce_work
scholarship,B1,scholarship-462,0.001953125,true_income=500009;reported_income=500009,100,1,False,False,-100,reduce_work
scholarship,B1,scholarship-463,0.001953125,true_income=500009;reported_income=500009,100,2,False,False,-100,reduce_work
scholarship,B1,scholarship-464,0.001953125,true_income=500009;reported_income=500009,1000,0,False,False,-1000,reduce_work
scholarship,B1,scholarship-465,0.001953125,true_income=500009;reported_income=500009,1000,0.5,False,False,-1000.0,reduce_work
scholarship,B1,scholarship-466,0.001953125,true_income=500009;reported_income=500009,1000,1,False,False,-1000,reduce_work
scholarship,B1,scholarship-467,0.001953125,true_income=500009;reported_income=500009,1000,2,False,False,-1000,reduce_work
scholarship,B1,scholarship-468,0.001953125,true_income=500009;reported_income=500009,50000,0,False,False,-50000,reduce_work
scholarship,B1,scholarship-469,0.001953125,true_income=500009;reported_income=500009,50000,0.5,False,False,-50000.0,reduce_work
scholarship,B1,scholarship-470,0.001953125,true_income=500009;reported_income=500009,50000,1,False,False,-50000,reduce_work
scholarship,B1,scholarship-471,0.001953125,true_income=500009;reported_income=500009,50000,2,False,False,-50000,reduce_work
scholarship,B1,scholarship-472,0.001953125,true_income=500009;reported_income=500009,99999,0,False,False,-99999,reduce_work
scholarship,B1,scholarship-473,0.001953125,true_income=500009;reported_income=500009,99999,0.5,False,False,-99999.0,reduce_work
scholarship,B1,scholarship-474,0.001953125,true_income=500009;reported_income=500009,99999,1,False,False,-99999,reduce_work
scholarship,B1,scholarship-475,0.001953125,true_income=500009;reported_income=500009,99999,2,False,False,-99999,reduce_work
scholarship,B1,scholarship-476,0.001953125,true_income=500009;reported_income=500009,100000,0,False,False,-100000,reduce_work
scholarship,B1,scholarship-477,0.001953125,true_income=500009;reported_income=500009,100000,0.5,False,False,-100000.0,reduce_work
scholarship,B1,scholarship-478,0.001953125,true_income=500009;reported_income=500009,100000,1,False,False,-100000,reduce_work
scholarship,B1,scholarship-479,0.001953125,true_income=500009;reported_income=500009,100000,2,False,False,-100000,reduce_work
scholarship,B1,scholarship-480,0.001953125,true_income=500010;reported_income=500010,0,0,False,False,0,reduce_work
scholarship,B1,scholarship-481,0.001953125,true_income=500010;reported_income=500010,0,0.5,False,False,0.0,reduce_work
scholarship,B1,scholarship-482,0.001953125,true_income=500010;reported_income=500010,0,1,False,False,0,reduce_work
scholarship,B1,scholarship-483,0.001953125,true_income=500010;reported_income=500010,0,2,False,False,0,reduce_work
scholarship,B1,scholarship-484,0.001953125,true_income=500010;reported_income=500010,1,0,False,False,-1,reduce_work
scholarship,B1,scholarship-485,0.001953125,true_income=500010;reported_income=500010,1,0.5,False,False,-1.0,reduce_work
scholarship,B1,scholarship-486,0.001953125,true_income=500010;reported_income=500010,1,1,False,False,-1,reduce_work
scholarship,B1,scholarship-487,0.001953125,true_income=500010;reported_income=500010,1,2,False,False,-1,reduce_work
scholarship,B1,scholarship-488,0.001953125,true_income=500010;reported_income=500010,10,0,False,False,-10,reduce_work
scholarship,B1,scholarship-489,0.001953125,true_income=500010;reported_income=500010,10,0.5,False,False,-10.0,reduce_work
scholarship,B1,scholarship-490,0.001953125,true_income=500010;reported_income=500010,10,1,False,False,-10,reduce_work
scholarship,B1,scholarship-491,0.001953125,true_income=500010;reported_income=500010,10,2,False,False,-10,reduce_work
scholarship,B1,scholarship-492,0.001953125,true_income=500010;reported_income=500010,100,0,False,False,-100,reduce_work
scholarship,B1,scholarship-493,0.001953125,true_income=500010;reported_income=500010,100,0.5,False,False,-100.0,reduce_work
scholarship,B1,scholarship-494,0.001953125,true_income=500010;reported_income=500010,100,1,False,False,-100,reduce_work
scholarship,B1,scholarship-495,0.001953125,true_income=500010;reported_income=500010,100,2,False,False,-100,reduce_work
scholarship,B1,scholarship-496,0.001953125,true_income=500010;reported_income=500010,1000,0,False,False,-1000,reduce_work
scholarship,B1,scholarship-497,0.001953125,true_income=500010;reported_income=500010,1000,0.5,False,False,-1000.0,reduce_work
scholarship,B1,scholarship-498,0.001953125,true_income=500010;reported_income=500010,1000,1,False,False,-1000,reduce_work
scholarship,B1,scholarship-499,0.001953125,true_income=500010;reported_income=500010,1000,2,False,False,-1000,reduce_work
scholarship,B1,scholarship-500,0.001953125,true_income=500010;reported_income=500010,50000,0,False,False,-50000,reduce_work
scholarship,B1,scholarship-501,0.001953125,true_income=500010;reported_income=500010,50000,0.5,False,False,-50000.0,reduce_work
scholarship,B1,scholarship-502,0.001953125,true_income=500010;reported_income=500010,50000,1,False,False,-50000,reduce_work
scholarship,B1,scholarship-503,0.001953125,true_income=500010;reported_income=500010,50000,2,False,False,-50000,reduce_work
scholarship,B1,scholarship-504,0.001953125,true_income=500010;reported_income=500010,99999,0,False,False,-99999,reduce_work
scholarship,B1,scholarship-505,0.001953125,true_income=500010;reported_income=500010,99999,0.5,False,False,-99999.0,reduce_work
scholarship,B1,scholarship-506,0.001953125,true_income=500010;reported_income=500010,99999,1,False,False,-99999,reduce_work
scholarship,B1,scholarship-507,0.001953125,true_income=500010;reported_income=500010,99999,2,False,False,-99999,reduce_work
scholarship,B1,scholarship-508,0.001953125,true_income=500010;reported_income=500010,100000,0,False,False,-100000,reduce_work
scholarship,B1,scholarship-509,0.001953125,true_income=500010;reported_income=500010,100000,0.5,False,False,-100000.0,reduce_work
scholarship,B1,scholarship-510,0.001953125,true_income=500010;reported_income=500010,100000,1,False,False,-100000,reduce_work
scholarship,B1,scholarship-511,0.001953125,true_income=500010;reported_income=500010,100000,2,False,False,-100000,reduce_work
scholarship,B2,scholarship-0,0.001953125,true_income=499995;reported_income=499995,0,0,False,False,0,reduce_work
scholarship,B2,scholarship-1,0.001953125,true_income=499995;reported_income=499995,0,0.5,False,False,0.0,reduce_work
scholarship,B2,scholarship-2,0.001953125,true_income=499995;reported_income=499995,0,1,False,False,0,reduce_work
scholarship,B2,scholarship-3,0.001953125,true_income=499995;reported_income=499995,0,2,False,False,0,reduce_work
scholarship,B2,scholarship-4,0.001953125,true_income=499995;reported_income=499995,1,0,False,False,-1,reduce_work
scholarship,B2,scholarship-5,0.001953125,true_income=499995;reported_income=499995,1,0.5,False,False,-1.0,reduce_work
scholarship,B2,scholarship-6,0.001953125,true_income=499995;reported_income=499995,1,1,False,False,-1,reduce_work
scholarship,B2,scholarship-7,0.001953125,true_income=499995;reported_income=499995,1,2,False,False,-1,reduce_work
scholarship,B2,scholarship-8,0.001953125,true_income=499995;reported_income=499995,10,0,False,False,-10,reduce_work
scholarship,B2,scholarship-9,0.001953125,true_income=499995;reported_income=499995,10,0.5,False,False,-10.0,reduce_work
scholarship,B2,scholarship-10,0.001953125,true_income=499995;reported_income=499995,10,1,False,False,-10,reduce_work
scholarship,B2,scholarship-11,0.001953125,true_income=499995;reported_income=499995,10,2,False,False,-10,reduce_work
scholarship,B2,scholarship-12,0.001953125,true_income=499995;reported_income=499995,100,0,False,False,-100,reduce_work
scholarship,B2,scholarship-13,0.001953125,true_income=499995;reported_income=499995,100,0.5,False,False,-100.0,reduce_work
scholarship,B2,scholarship-14,0.001953125,true_income=499995;reported_income=499995,100,1,False,False,-100,reduce_work
scholarship,B2,scholarship-15,0.001953125,true_income=499995;reported_income=499995,100,2,False,False,-100,reduce_work
scholarship,B2,scholarship-16,0.001953125,true_income=499995;reported_income=499995,1000,0,False,False,-1000,reduce_work
scholarship,B2,scholarship-17,0.001953125,true_income=499995;reported_income=499995,1000,0.5,False,False,-1000.0,reduce_work
scholarship,B2,scholarship-18,0.001953125,true_income=499995;reported_income=499995,1000,1,False,False,-1000,reduce_work
scholarship,B2,scholarship-19,0.001953125,true_income=499995;reported_income=499995,1000,2,False,False,-1000,reduce_work
scholarship,B2,scholarship-20,0.001953125,true_income=499995;reported_income=499995,50000,0,False,False,-50000,reduce_work
scholarship,B2,scholarship-21,0.001953125,true_income=499995;reported_income=499995,50000,0.5,False,False,-50000.0,reduce_work
scholarship,B2,scholarship-22,0.001953125,true_income=499995;reported_income=499995,50000,1,False,False,-50000,reduce_work
scholarship,B2,scholarship-23,0.001953125,true_income=499995;reported_income=499995,50000,2,False,False,-50000,reduce_work
scholarship,B2,scholarship-24,0.001953125,true_income=499995;reported_income=499995,99999,0,False,False,-99999,reduce_work
scholarship,B2,scholarship-25,0.001953125,true_income=499995;reported_income=499995,99999,0.5,False,False,-99999.0,reduce_work
scholarship,B2,scholarship-26,0.001953125,true_income=499995;reported_income=499995,99999,1,False,False,-99999,reduce_work
scholarship,B2,scholarship-27,0.001953125,true_income=499995;reported_income=499995,99999,2,False,False,-99999,reduce_work
scholarship,B2,scholarship-28,0.001953125,true_income=499995;reported_income=499995,100000,0,False,False,-100000,reduce_work
scholarship,B2,scholarship-29,0.001953125,true_income=499995;reported_income=499995,100000,0.5,False,False,-100000.0,reduce_work
scholarship,B2,scholarship-30,0.001953125,true_income=499995;reported_income=499995,100000,1,False,False,-100000,reduce_work
scholarship,B2,scholarship-31,0.001953125,true_income=499995;reported_income=499995,100000,2,False,False,-100000,reduce_work
scholarship,B2,scholarship-32,0.001953125,true_income=499996;reported_income=499996,0,0,False,False,0,reduce_work
scholarship,B2,scholarship-33,0.001953125,true_income=499996;reported_income=499996,0,0.5,False,False,0.0,reduce_work
scholarship,B2,scholarship-34,0.001953125,true_income=499996;reported_income=499996,0,1,False,False,0,reduce_work
scholarship,B2,scholarship-35,0.001953125,true_income=499996;reported_income=499996,0,2,False,False,0,reduce_work
scholarship,B2,scholarship-36,0.001953125,true_income=499996;reported_income=499996,1,0,False,False,-1,reduce_work
scholarship,B2,scholarship-37,0.001953125,true_income=499996;reported_income=499996,1,0.5,False,False,-1.0,reduce_work
scholarship,B2,scholarship-38,0.001953125,true_income=499996;reported_income=499996,1,1,False,False,-1,reduce_work
scholarship,B2,scholarship-39,0.001953125,true_income=499996;reported_income=499996,1,2,False,False,-1,reduce_work
scholarship,B2,scholarship-40,0.001953125,true_income=499996;reported_income=499996,10,0,False,False,-10,reduce_work
scholarship,B2,scholarship-41,0.001953125,true_income=499996;reported_income=499996,10,0.5,False,False,-10.0,reduce_work
scholarship,B2,scholarship-42,0.001953125,true_income=499996;reported_income=499996,10,1,False,False,-10,reduce_work
scholarship,B2,scholarship-43,0.001953125,true_income=499996;reported_income=499996,10,2,False,False,-10,reduce_work
scholarship,B2,scholarship-44,0.001953125,true_income=499996;reported_income=499996,100,0,False,False,-100,reduce_work
scholarship,B2,scholarship-45,0.001953125,true_income=499996;reported_income=499996,100,0.5,False,False,-100.0,reduce_work
scholarship,B2,scholarship-46,0.001953125,true_income=499996;reported_income=499996,100,1,False,False,-100,reduce_work
scholarship,B2,scholarship-47,0.001953125,true_income=499996;reported_income=499996,100,2,False,False,-100,reduce_work
scholarship,B2,scholarship-48,0.001953125,true_income=499996;reported_income=499996,1000,0,False,False,-1000,reduce_work
scholarship,B2,scholarship-49,0.001953125,true_income=499996;reported_income=499996,1000,0.5,False,False,-1000.0,reduce_work
scholarship,B2,scholarship-50,0.001953125,true_income=499996;reported_income=499996,1000,1,False,False,-1000,reduce_work
scholarship,B2,scholarship-51,0.001953125,true_income=499996;reported_income=499996,1000,2,False,False,-1000,reduce_work
scholarship,B2,scholarship-52,0.001953125,true_income=499996;reported_income=499996,50000,0,False,False,-50000,reduce_work
scholarship,B2,scholarship-53,0.001953125,true_income=499996;reported_income=499996,50000,0.5,False,False,-50000.0,reduce_work
scholarship,B2,scholarship-54,0.001953125,true_income=499996;reported_income=499996,50000,1,False,False,-50000,reduce_work
scholarship,B2,scholarship-55,0.001953125,true_income=499996;reported_income=499996,50000,2,False,False,-50000,reduce_work
scholarship,B2,scholarship-56,0.001953125,true_income=499996;reported_income=499996,99999,0,False,False,-99999,reduce_work
scholarship,B2,scholarship-57,0.001953125,true_income=499996;reported_income=499996,99999,0.5,False,False,-99999.0,reduce_work
scholarship,B2,scholarship-58,0.001953125,true_income=499996;reported_income=499996,99999,1,False,False,-99999,reduce_work
scholarship,B2,scholarship-59,0.001953125,true_income=499996;reported_income=499996,99999,2,False,False,-99999,reduce_work
scholarship,B2,scholarship-60,0.001953125,true_income=499996;reported_income=499996,100000,0,False,False,-100000,reduce_work
scholarship,B2,scholarship-61,0.001953125,true_income=499996;reported_income=499996,100000,0.5,False,False,-100000.0,reduce_work
scholarship,B2,scholarship-62,0.001953125,true_income=499996;reported_income=499996,100000,1,False,False,-100000,reduce_work
scholarship,B2,scholarship-63,0.001953125,true_income=499996;reported_income=499996,100000,2,False,False,-100000,reduce_work
scholarship,B2,scholarship-64,0.001953125,true_income=499997;reported_income=499997,0,0,False,False,0,reduce_work
scholarship,B2,scholarship-65,0.001953125,true_income=499997;reported_income=499997,0,0.5,False,False,0.0,reduce_work
scholarship,B2,scholarship-66,0.001953125,true_income=499997;reported_income=499997,0,1,False,False,0,reduce_work
scholarship,B2,scholarship-67,0.001953125,true_income=499997;reported_income=499997,0,2,False,False,0,reduce_work
scholarship,B2,scholarship-68,0.001953125,true_income=499997;reported_income=499997,1,0,False,False,-1,reduce_work
scholarship,B2,scholarship-69,0.001953125,true_income=499997;reported_income=499997,1,0.5,False,False,-1.0,reduce_work
scholarship,B2,scholarship-70,0.001953125,true_income=499997;reported_income=499997,1,1,False,False,-1,reduce_work
scholarship,B2,scholarship-71,0.001953125,true_income=499997;reported_income=499997,1,2,False,False,-1,reduce_work
scholarship,B2,scholarship-72,0.001953125,true_income=499997;reported_income=499997,10,0,False,False,-10,reduce_work
scholarship,B2,scholarship-73,0.001953125,true_income=499997;reported_income=499997,10,0.5,False,False,-10.0,reduce_work
scholarship,B2,scholarship-74,0.001953125,true_income=499997;reported_income=499997,10,1,False,False,-10,reduce_work
scholarship,B2,scholarship-75,0.001953125,true_income=499997;reported_income=499997,10,2,False,False,-10,reduce_work
scholarship,B2,scholarship-76,0.001953125,true_income=499997;reported_income=499997,100,0,False,False,-100,reduce_work
scholarship,B2,scholarship-77,0.001953125,true_income=499997;reported_income=499997,100,0.5,False,False,-100.0,reduce_work
scholarship,B2,scholarship-78,0.001953125,true_income=499997;reported_income=499997,100,1,False,False,-100,reduce_work
scholarship,B2,scholarship-79,0.001953125,true_income=499997;reported_income=499997,100,2,False,False,-100,reduce_work
scholarship,B2,scholarship-80,0.001953125,true_income=499997;reported_income=499997,1000,0,False,False,-1000,reduce_work
scholarship,B2,scholarship-81,0.001953125,true_income=499997;reported_income=499997,1000,0.5,False,False,-1000.0,reduce_work
scholarship,B2,scholarship-82,0.001953125,true_income=499997;reported_income=499997,1000,1,False,False,-1000,reduce_work
scholarship,B2,scholarship-83,0.001953125,true_income=499997;reported_income=499997,1000,2,False,False,-1000,reduce_work
scholarship,B2,scholarship-84,0.001953125,true_income=499997;reported_income=499997,50000,0,False,False,-50000,reduce_work
scholarship,B2,scholarship-85,0.001953125,true_income=499997;reported_income=499997,50000,0.5,False,False,-50000.0,reduce_work
scholarship,B2,scholarship-86,0.001953125,true_income=499997;reported_income=499997,50000,1,False,False,-50000,reduce_work
scholarship,B2,scholarship-87,0.001953125,true_income=499997;reported_income=499997,50000,2,False,False,-50000,reduce_work
scholarship,B2,scholarship-88,0.001953125,true_income=499997;reported_income=499997,99999,0,False,False,-99999,reduce_work
scholarship,B2,scholarship-89,0.001953125,true_income=499997;reported_income=499997,99999,0.5,False,False,-99999.0,reduce_work
scholarship,B2,scholarship-90,0.001953125,true_income=499997;reported_income=499997,99999,1,False,False,-99999,reduce_work
scholarship,B2,scholarship-91,0.001953125,true_income=499997;reported_income=499997,99999,2,False,False,-99999,reduce_work
scholarship,B2,scholarship-92,0.001953125,true_income=499997;reported_income=499997,100000,0,False,False,-100000,reduce_work
scholarship,B2,scholarship-93,0.001953125,true_income=499997;reported_income=499997,100000,0.5,False,False,-100000.0,reduce_work
scholarship,B2,scholarship-94,0.001953125,true_income=499997;reported_income=499997,100000,1,False,False,-100000,reduce_work
scholarship,B2,scholarship-95,0.001953125,true_income=499997;reported_income=499997,100000,2,False,False,-100000,reduce_work
scholarship,B2,scholarship-96,0.001953125,true_income=499998;reported_income=499998,0,0,False,False,0,reduce_work
scholarship,B2,scholarship-97,0.001953125,true_income=499998;reported_income=499998,0,0.5,False,False,0.0,reduce_work
scholarship,B2,scholarship-98,0.001953125,true_income=499998;reported_income=499998,0,1,False,False,0,reduce_work
scholarship,B2,scholarship-99,0.001953125,true_income=499998;reported_income=499998,0,2,False,False,0,reduce_work
scholarship,B2,scholarship-100,0.001953125,true_income=499998;reported_income=499998,1,0,False,False,-1,reduce_work
scholarship,B2,scholarship-101,0.001953125,true_income=499998;reported_income=499998,1,0.5,False,False,-1.0,reduce_work
scholarship,B2,scholarship-102,0.001953125,true_income=499998;reported_income=499998,1,1,False,False,-1,reduce_work
scholarship,B2,scholarship-103,0.001953125,true_income=499998;reported_income=499998,1,2,False,False,-1,reduce_work
scholarship,B2,scholarship-104,0.001953125,true_income=499998;reported_income=499998,10,0,False,False,-10,reduce_work
scholarship,B2,scholarship-105,0.001953125,true_income=499998;reported_income=499998,10,0.5,False,False,-10.0,reduce_work
scholarship,B2,scholarship-106,0.001953125,true_income=499998;reported_income=499998,10,1,False,False,-10,reduce_work
scholarship,B2,scholarship-107,0.001953125,true_income=499998;reported_income=499998,10,2,False,False,-10,reduce_work
scholarship,B2,scholarship-108,0.001953125,true_income=499998;reported_income=499998,100,0,False,False,-100,reduce_work
scholarship,B2,scholarship-109,0.001953125,true_income=499998;reported_income=499998,100,0.5,False,False,-100.0,reduce_work
scholarship,B2,scholarship-110,0.001953125,true_income=499998;reported_income=499998,100,1,False,False,-100,reduce_work
scholarship,B2,scholarship-111,0.001953125,true_income=499998;reported_income=499998,100,2,False,False,-100,reduce_work
scholarship,B2,scholarship-112,0.001953125,true_income=499998;reported_income=499998,1000,0,False,False,-1000,reduce_work
scholarship,B2,scholarship-113,0.001953125,true_income=499998;reported_income=499998,1000,0.5,False,False,-1000.0,reduce_work
scholarship,B2,scholarship-114,0.001953125,true_income=499998;reported_income=499998,1000,1,False,False,-1000,reduce_work
scholarship,B2,scholarship-115,0.001953125,true_income=499998;reported_income=499998,1000,2,False,False,-1000,reduce_work
scholarship,B2,scholarship-116,0.001953125,true_income=499998;reported_income=499998,50000,0,False,False,-50000,reduce_work
scholarship,B2,scholarship-117,0.001953125,true_income=499998;reported_income=499998,50000,0.5,False,False,-50000.0,reduce_work
scholarship,B2,scholarship-118,0.001953125,true_income=499998;reported_income=499998,50000,1,False,False,-50000,reduce_work
scholarship,B2,scholarship-119,0.001953125,true_income=499998;reported_income=499998,50000,2,False,False,-50000,reduce_work
scholarship,B2,scholarship-120,0.001953125,true_income=499998;reported_income=499998,99999,0,False,False,-99999,reduce_work
scholarship,B2,scholarship-121,0.001953125,true_income=499998;reported_income=499998,99999,0.5,False,False,-99999.0,reduce_work
scholarship,B2,scholarship-122,0.001953125,true_income=499998;reported_income=499998,99999,1,False,False,-99999,reduce_work
scholarship,B2,scholarship-123,0.001953125,true_income=499998;reported_income=499998,99999,2,False,False,-99999,reduce_work
scholarship,B2,scholarship-124,0.001953125,true_income=499998;reported_income=499998,100000,0,False,False,-100000,reduce_work
scholarship,B2,scholarship-125,0.001953125,true_income=499998;reported_income=499998,100000,0.5,False,False,-100000.0,reduce_work
scholarship,B2,scholarship-126,0.001953125,true_income=499998;reported_income=499998,100000,1,False,False,-100000,reduce_work
scholarship,B2,scholarship-127,0.001953125,true_income=499998;reported_income=499998,100000,2,False,False,-100000,reduce_work
scholarship,B2,scholarship-128,0.001953125,true_income=499999;reported_income=499999,0,0,False,False,0,reduce_work
scholarship,B2,scholarship-129,0.001953125,true_income=499999;reported_income=499999,0,0.5,False,False,0.0,reduce_work
scholarship,B2,scholarship-130,0.001953125,true_income=499999;reported_income=499999,0,1,False,False,0,reduce_work
scholarship,B2,scholarship-131,0.001953125,true_income=499999;reported_income=499999,0,2,False,False,0,reduce_work
scholarship,B2,scholarship-132,0.001953125,true_income=499999;reported_income=499999,1,0,False,False,-1,reduce_work
scholarship,B2,scholarship-133,0.001953125,true_income=499999;reported_income=499999,1,0.5,False,False,-1.0,reduce_work
scholarship,B2,scholarship-134,0.001953125,true_income=499999;reported_income=499999,1,1,False,False,-1,reduce_work
scholarship,B2,scholarship-135,0.001953125,true_income=499999;reported_income=499999,1,2,False,False,-1,reduce_work
scholarship,B2,scholarship-136,0.001953125,true_income=499999;reported_income=499999,10,0,False,False,-10,reduce_work
scholarship,B2,scholarship-137,0.001953125,true_income=499999;reported_income=499999,10,0.5,False,False,-10.0,reduce_work
scholarship,B2,scholarship-138,0.001953125,true_income=499999;reported_income=499999,10,1,False,False,-10,reduce_work
scholarship,B2,scholarship-139,0.001953125,true_income=499999;reported_income=499999,10,2,False,False,-10,reduce_work
scholarship,B2,scholarship-140,0.001953125,true_income=499999;reported_income=499999,100,0,False,False,-100,reduce_work
scholarship,B2,scholarship-141,0.001953125,true_income=499999;reported_income=499999,100,0.5,False,False,-100.0,reduce_work
scholarship,B2,scholarship-142,0.001953125,true_income=499999;reported_income=499999,100,1,False,False,-100,reduce_work
scholarship,B2,scholarship-143,0.001953125,true_income=499999;reported_income=499999,100,2,False,False,-100,reduce_work
scholarship,B2,scholarship-144,0.001953125,true_income=499999;reported_income=499999,1000,0,False,False,-1000,reduce_work
scholarship,B2,scholarship-145,0.001953125,true_income=499999;reported_income=499999,1000,0.5,False,False,-1000.0,reduce_work
scholarship,B2,scholarship-146,0.001953125,true_income=499999;reported_income=499999,1000,1,False,False,-1000,reduce_work
scholarship,B2,scholarship-147,0.001953125,true_income=499999;reported_income=499999,1000,2,False,False,-1000,reduce_work
scholarship,B2,scholarship-148,0.001953125,true_income=499999;reported_income=499999,50000,0,False,False,-50000,reduce_work
scholarship,B2,scholarship-149,0.001953125,true_income=499999;reported_income=499999,50000,0.5,False,False,-50000.0,reduce_work
scholarship,B2,scholarship-150,0.001953125,true_income=499999;reported_income=499999,50000,1,False,False,-50000,reduce_work
scholarship,B2,scholarship-151,0.001953125,true_income=499999;reported_income=499999,50000,2,False,False,-50000,reduce_work
scholarship,B2,scholarship-152,0.001953125,true_income=499999;reported_income=499999,99999,0,False,False,-99999,reduce_work
scholarship,B2,scholarship-153,0.001953125,true_income=499999;reported_income=499999,99999,0.5,False,False,-99999.0,reduce_work
scholarship,B2,scholarship-154,0.001953125,true_income=499999;reported_income=499999,99999,1,False,False,-99999,reduce_work
scholarship,B2,scholarship-155,0.001953125,true_income=499999;reported_income=499999,99999,2,False,False,-99999,reduce_work
scholarship,B2,scholarship-156,0.001953125,true_income=499999;reported_income=499999,100000,0,False,False,-100000,reduce_work
scholarship,B2,scholarship-157,0.001953125,true_income=499999;reported_income=499999,100000,0.5,False,False,-100000.0,reduce_work
scholarship,B2,scholarship-158,0.001953125,true_income=499999;reported_income=499999,100000,1,False,False,-100000,reduce_work
scholarship,B2,scholarship-159,0.001953125,true_income=499999;reported_income=499999,100000,2,False,False,-100000,reduce_work
scholarship,B2,scholarship-160,0.001953125,true_income=499999;reported_income=499999,0,0,True,True,99999,reduce_work
scholarship,B2,scholarship-161,0.001953125,true_income=499999;reported_income=499999,0,0.5,True,True,99999.0,reduce_work
scholarship,B2,scholarship-162,0.001953125,true_income=499999;reported_income=499999,0,1,True,True,99999,reduce_work
scholarship,B2,scholarship-163,0.001953125,true_income=499999;reported_income=499999,0,2,True,True,99999,reduce_work
scholarship,B2,scholarship-164,0.001953125,true_income=499999;reported_income=499999,1,0,True,True,99998,reduce_work
scholarship,B2,scholarship-165,0.001953125,true_income=499999;reported_income=499999,1,0.5,True,True,99998.0,reduce_work
scholarship,B2,scholarship-166,0.001953125,true_income=499999;reported_income=499999,1,1,True,True,99998,reduce_work
scholarship,B2,scholarship-167,0.001953125,true_income=499999;reported_income=499999,1,2,True,True,99998,reduce_work
scholarship,B2,scholarship-168,0.001953125,true_income=499999;reported_income=499999,10,0,True,True,99989,reduce_work
scholarship,B2,scholarship-169,0.001953125,true_income=499999;reported_income=499999,10,0.5,True,True,99989.0,reduce_work
scholarship,B2,scholarship-170,0.001953125,true_income=499999;reported_income=499999,10,1,True,True,99989,reduce_work
scholarship,B2,scholarship-171,0.001953125,true_income=499999;reported_income=499999,10,2,True,True,99989,reduce_work
scholarship,B2,scholarship-172,0.001953125,true_income=499999;reported_income=499999,100,0,True,True,99899,reduce_work
scholarship,B2,scholarship-173,0.001953125,true_income=499999;reported_income=499999,100,0.5,True,True,99899.0,reduce_work
scholarship,B2,scholarship-174,0.001953125,true_income=499999;reported_income=499999,100,1,True,True,99899,reduce_work
scholarship,B2,scholarship-175,0.001953125,true_income=499999;reported_income=499999,100,2,True,True,99899,reduce_work
scholarship,B2,scholarship-176,0.001953125,true_income=499999;reported_income=499999,1000,0,True,True,98999,reduce_work
scholarship,B2,scholarship-177,0.001953125,true_income=499999;reported_income=499999,1000,0.5,True,True,98999.0,reduce_work
scholarship,B2,scholarship-178,0.001953125,true_income=499999;reported_income=499999,1000,1,True,True,98999,reduce_work
scholarship,B2,scholarship-179,0.001953125,true_income=499999;reported_income=499999,1000,2,True,True,98999,reduce_work
scholarship,B2,scholarship-180,0.001953125,true_income=499999;reported_income=499999,50000,0,True,True,49999,reduce_work
scholarship,B2,scholarship-181,0.001953125,true_income=499999;reported_income=499999,50000,0.5,True,True,49999.0,reduce_work
scholarship,B2,scholarship-182,0.001953125,true_income=499999;reported_income=499999,50000,1,True,True,49999,reduce_work
scholarship,B2,scholarship-183,0.001953125,true_income=499999;reported_income=499999,50000,2,True,True,49999,reduce_work
scholarship,B2,scholarship-184,0.001953125,true_income=500000;reported_income=500000,99999,0,False,False,0,reduce_work
scholarship,B2,scholarship-185,0.001953125,true_income=500000;reported_income=500000,99999,0.5,False,False,0.0,reduce_work
scholarship,B2,scholarship-186,0.001953125,true_income=500000;reported_income=500000,99999,1,False,False,0,reduce_work
scholarship,B2,scholarship-187,0.001953125,true_income=500000;reported_income=500000,99999,2,False,False,0,reduce_work
scholarship,B2,scholarship-188,0.001953125,true_income=500000;reported_income=500000,100000,0,False,False,-1,reduce_work
scholarship,B2,scholarship-189,0.001953125,true_income=500000;reported_income=500000,100000,0.5,False,False,-1.0,reduce_work
scholarship,B2,scholarship-190,0.001953125,true_income=500000;reported_income=500000,100000,1,False,False,-1,reduce_work
scholarship,B2,scholarship-191,0.001953125,true_income=500000;reported_income=500000,100000,2,False,False,-1,reduce_work
scholarship,B2,scholarship-192,0.001953125,true_income=499999;reported_income=499999,0,0,True,True,99998,reduce_work
scholarship,B2,scholarship-193,0.001953125,true_income=499999;reported_income=499999,0,0.5,True,True,99998.0,reduce_work
scholarship,B2,scholarship-194,0.001953125,true_income=499999;reported_income=499999,0,1,True,True,99998,reduce_work
scholarship,B2,scholarship-195,0.001953125,true_income=499999;reported_income=499999,0,2,True,True,99998,reduce_work
scholarship,B2,scholarship-196,0.001953125,true_income=499999;reported_income=499999,1,0,True,True,99997,reduce_work
scholarship,B2,scholarship-197,0.001953125,true_income=499999;reported_income=499999,1,0.5,True,True,99997.0,reduce_work
scholarship,B2,scholarship-198,0.001953125,true_income=499999;reported_income=499999,1,1,True,True,99997,reduce_work
scholarship,B2,scholarship-199,0.001953125,true_income=499999;reported_income=499999,1,2,True,True,99997,reduce_work
scholarship,B2,scholarship-200,0.001953125,true_income=499999;reported_income=499999,10,0,True,True,99988,reduce_work
scholarship,B2,scholarship-201,0.001953125,true_income=499999;reported_income=499999,10,0.5,True,True,99988.0,reduce_work
scholarship,B2,scholarship-202,0.001953125,true_income=499999;reported_income=499999,10,1,True,True,99988,reduce_work
scholarship,B2,scholarship-203,0.001953125,true_income=499999;reported_income=499999,10,2,True,True,99988,reduce_work
scholarship,B2,scholarship-204,0.001953125,true_income=499999;reported_income=499999,100,0,True,True,99898,reduce_work
scholarship,B2,scholarship-205,0.001953125,true_income=499999;reported_income=499999,100,0.5,True,True,99898.0,reduce_work
scholarship,B2,scholarship-206,0.001953125,true_income=499999;reported_income=499999,100,1,True,True,99898,reduce_work
scholarship,B2,scholarship-207,0.001953125,true_income=499999;reported_income=499999,100,2,True,True,99898,reduce_work
scholarship,B2,scholarship-208,0.001953125,true_income=499999;reported_income=499999,1000,0,True,True,98998,reduce_work
scholarship,B2,scholarship-209,0.001953125,true_income=499999;reported_income=499999,1000,0.5,True,True,98998.0,reduce_work
scholarship,B2,scholarship-210,0.001953125,true_income=499999;reported_income=499999,1000,1,True,True,98998,reduce_work
scholarship,B2,scholarship-211,0.001953125,true_income=499999;reported_income=499999,1000,2,True,True,98998,reduce_work
scholarship,B2,scholarship-212,0.001953125,true_income=499999;reported_income=499999,50000,0,True,True,49998,reduce_work
scholarship,B2,scholarship-213,0.001953125,true_income=499999;reported_income=499999,50000,0.5,True,True,49998.0,reduce_work
scholarship,B2,scholarship-214,0.001953125,true_income=499999;reported_income=499999,50000,1,True,True,49998,reduce_work
scholarship,B2,scholarship-215,0.001953125,true_income=499999;reported_income=499999,50000,2,True,True,49998,reduce_work
scholarship,B2,scholarship-216,0.001953125,true_income=500001;reported_income=500001,99999,0,False,False,-1,reduce_work
scholarship,B2,scholarship-217,0.001953125,true_income=500001;reported_income=500001,99999,0.5,False,False,-1.0,reduce_work
scholarship,B2,scholarship-218,0.001953125,true_income=500001;reported_income=500001,99999,1,False,False,-1,reduce_work
scholarship,B2,scholarship-219,0.001953125,true_income=500001;reported_income=500001,99999,2,False,False,-1,reduce_work
scholarship,B2,scholarship-220,0.001953125,true_income=500001;reported_income=500001,100000,0,False,False,-2,reduce_work
scholarship,B2,scholarship-221,0.001953125,true_income=500001;reported_income=500001,100000,0.5,False,False,-2.0,reduce_work
scholarship,B2,scholarship-222,0.001953125,true_income=500001;reported_income=500001,100000,1,False,False,-2,reduce_work
scholarship,B2,scholarship-223,0.001953125,true_income=500001;reported_income=500001,100000,2,False,False,-2,reduce_work
scholarship,B2,scholarship-224,0.001953125,true_income=499999;reported_income=499999,0,0,True,True,99997,reduce_work
scholarship,B2,scholarship-225,0.001953125,true_income=499999;reported_income=499999,0,0.5,True,True,99997.0,reduce_work
scholarship,B2,scholarship-226,0.001953125,true_income=499999;reported_income=499999,0,1,True,True,99997,reduce_work
scholarship,B2,scholarship-227,0.001953125,true_income=499999;reported_income=499999,0,2,True,True,99997,reduce_work
scholarship,B2,scholarship-228,0.001953125,true_income=499999;reported_income=499999,1,0,True,True,99996,reduce_work
scholarship,B2,scholarship-229,0.001953125,true_income=499999;reported_income=499999,1,0.5,True,True,99996.0,reduce_work
scholarship,B2,scholarship-230,0.001953125,true_income=499999;reported_income=499999,1,1,True,True,99996,reduce_work
scholarship,B2,scholarship-231,0.001953125,true_income=499999;reported_income=499999,1,2,True,True,99996,reduce_work
scholarship,B2,scholarship-232,0.001953125,true_income=499999;reported_income=499999,10,0,True,True,99987,reduce_work
scholarship,B2,scholarship-233,0.001953125,true_income=499999;reported_income=499999,10,0.5,True,True,99987.0,reduce_work
scholarship,B2,scholarship-234,0.001953125,true_income=499999;reported_income=499999,10,1,True,True,99987,reduce_work
scholarship,B2,scholarship-235,0.001953125,true_income=499999;reported_income=499999,10,2,True,True,99987,reduce_work
scholarship,B2,scholarship-236,0.001953125,true_income=499999;reported_income=499999,100,0,True,True,99897,reduce_work
scholarship,B2,scholarship-237,0.001953125,true_income=499999;reported_income=499999,100,0.5,True,True,99897.0,reduce_work
scholarship,B2,scholarship-238,0.001953125,true_income=499999;reported_income=499999,100,1,True,True,99897,reduce_work
scholarship,B2,scholarship-239,0.001953125,true_income=499999;reported_income=499999,100,2,True,True,99897,reduce_work
scholarship,B2,scholarship-240,0.001953125,true_income=499999;reported_income=499999,1000,0,True,True,98997,reduce_work
scholarship,B2,scholarship-241,0.001953125,true_income=499999;reported_income=499999,1000,0.5,True,True,98997.0,reduce_work
scholarship,B2,scholarship-242,0.001953125,true_income=499999;reported_income=499999,1000,1,True,True,98997,reduce_work
scholarship,B2,scholarship-243,0.001953125,true_income=499999;reported_income=499999,1000,2,True,True,98997,reduce_work
scholarship,B2,scholarship-244,0.001953125,true_income=499999;reported_income=499999,50000,0,True,True,49997,reduce_work
scholarship,B2,scholarship-245,0.001953125,true_income=499999;reported_income=499999,50000,0.5,True,True,49997.0,reduce_work
scholarship,B2,scholarship-246,0.001953125,true_income=499999;reported_income=499999,50000,1,True,True,49997,reduce_work
scholarship,B2,scholarship-247,0.001953125,true_income=499999;reported_income=499999,50000,2,True,True,49997,reduce_work
scholarship,B2,scholarship-248,0.001953125,true_income=500002;reported_income=500002,99999,0,False,False,-2,reduce_work
scholarship,B2,scholarship-249,0.001953125,true_income=500002;reported_income=500002,99999,0.5,False,False,-2.0,reduce_work
scholarship,B2,scholarship-250,0.001953125,true_income=500002;reported_income=500002,99999,1,False,False,-2,reduce_work
scholarship,B2,scholarship-251,0.001953125,true_income=500002;reported_income=500002,99999,2,False,False,-2,reduce_work
scholarship,B2,scholarship-252,0.001953125,true_income=500002;reported_income=500002,100000,0,False,False,-3,reduce_work
scholarship,B2,scholarship-253,0.001953125,true_income=500002;reported_income=500002,100000,0.5,False,False,-3.0,reduce_work
scholarship,B2,scholarship-254,0.001953125,true_income=500002;reported_income=500002,100000,1,False,False,-3,reduce_work
scholarship,B2,scholarship-255,0.001953125,true_income=500002;reported_income=500002,100000,2,False,False,-3,reduce_work
scholarship,B2,scholarship-256,0.001953125,true_income=499999;reported_income=499999,0,0,True,True,99996,reduce_work
scholarship,B2,scholarship-257,0.001953125,true_income=499999;reported_income=499999,0,0.5,True,True,99996.0,reduce_work
scholarship,B2,scholarship-258,0.001953125,true_income=499999;reported_income=499999,0,1,True,True,99996,reduce_work
scholarship,B2,scholarship-259,0.001953125,true_income=499999;reported_income=499999,0,2,True,True,99996,reduce_work
scholarship,B2,scholarship-260,0.001953125,true_income=499999;reported_income=499999,1,0,True,True,99995,reduce_work
scholarship,B2,scholarship-261,0.001953125,true_income=499999;reported_income=499999,1,0.5,True,True,99995.0,reduce_work
scholarship,B2,scholarship-262,0.001953125,true_income=499999;reported_income=499999,1,1,True,True,99995,reduce_work
scholarship,B2,scholarship-263,0.001953125,true_income=499999;reported_income=499999,1,2,True,True,99995,reduce_work
scholarship,B2,scholarship-264,0.001953125,true_income=499999;reported_income=499999,10,0,True,True,99986,reduce_work
scholarship,B2,scholarship-265,0.001953125,true_income=499999;reported_income=499999,10,0.5,True,True,99986.0,reduce_work
scholarship,B2,scholarship-266,0.001953125,true_income=499999;reported_income=499999,10,1,True,True,99986,reduce_work
scholarship,B2,scholarship-267,0.001953125,true_income=499999;reported_income=499999,10,2,True,True,99986,reduce_work
scholarship,B2,scholarship-268,0.001953125,true_income=499999;reported_income=499999,100,0,True,True,99896,reduce_work
scholarship,B2,scholarship-269,0.001953125,true_income=499999;reported_income=499999,100,0.5,True,True,99896.0,reduce_work
scholarship,B2,scholarship-270,0.001953125,true_income=499999;reported_income=499999,100,1,True,True,99896,reduce_work
scholarship,B2,scholarship-271,0.001953125,true_income=499999;reported_income=499999,100,2,True,True,99896,reduce_work
scholarship,B2,scholarship-272,0.001953125,true_income=499999;reported_income=499999,1000,0,True,True,98996,reduce_work
scholarship,B2,scholarship-273,0.001953125,true_income=499999;reported_income=499999,1000,0.5,True,True,98996.0,reduce_work
scholarship,B2,scholarship-274,0.001953125,true_income=499999;reported_income=499999,1000,1,True,True,98996,reduce_work
scholarship,B2,scholarship-275,0.001953125,true_income=499999;reported_income=499999,1000,2,True,True,98996,reduce_work
scholarship,B2,scholarship-276,0.001953125,true_income=499999;reported_income=499999,50000,0,True,True,49996,reduce_work
scholarship,B2,scholarship-277,0.001953125,true_income=499999;reported_income=499999,50000,0.5,True,True,49996.0,reduce_work
scholarship,B2,scholarship-278,0.001953125,true_income=499999;reported_income=499999,50000,1,True,True,49996,reduce_work
scholarship,B2,scholarship-279,0.001953125,true_income=499999;reported_income=499999,50000,2,True,True,49996,reduce_work
scholarship,B2,scholarship-280,0.001953125,true_income=500003;reported_income=500003,99999,0,False,False,-3,reduce_work
scholarship,B2,scholarship-281,0.001953125,true_income=500003;reported_income=500003,99999,0.5,False,False,-3.0,reduce_work
scholarship,B2,scholarship-282,0.001953125,true_income=500003;reported_income=500003,99999,1,False,False,-3,reduce_work
scholarship,B2,scholarship-283,0.001953125,true_income=500003;reported_income=500003,99999,2,False,False,-3,reduce_work
scholarship,B2,scholarship-284,0.001953125,true_income=500003;reported_income=500003,100000,0,False,False,-4,reduce_work
scholarship,B2,scholarship-285,0.001953125,true_income=500003;reported_income=500003,100000,0.5,False,False,-4.0,reduce_work
scholarship,B2,scholarship-286,0.001953125,true_income=500003;reported_income=500003,100000,1,False,False,-4,reduce_work
scholarship,B2,scholarship-287,0.001953125,true_income=500003;reported_income=500003,100000,2,False,False,-4,reduce_work
scholarship,B2,scholarship-288,0.001953125,true_income=499999;reported_income=499999,0,0,True,True,99995,reduce_work
scholarship,B2,scholarship-289,0.001953125,true_income=499999;reported_income=499999,0,0.5,True,True,99995.0,reduce_work
scholarship,B2,scholarship-290,0.001953125,true_income=499999;reported_income=499999,0,1,True,True,99995,reduce_work
scholarship,B2,scholarship-291,0.001953125,true_income=499999;reported_income=499999,0,2,True,True,99995,reduce_work
scholarship,B2,scholarship-292,0.001953125,true_income=499999;reported_income=499999,1,0,True,True,99994,reduce_work
scholarship,B2,scholarship-293,0.001953125,true_income=499999;reported_income=499999,1,0.5,True,True,99994.0,reduce_work
scholarship,B2,scholarship-294,0.001953125,true_income=499999;reported_income=499999,1,1,True,True,99994,reduce_work
scholarship,B2,scholarship-295,0.001953125,true_income=499999;reported_income=499999,1,2,True,True,99994,reduce_work
scholarship,B2,scholarship-296,0.001953125,true_income=499999;reported_income=499999,10,0,True,True,99985,reduce_work
scholarship,B2,scholarship-297,0.001953125,true_income=499999;reported_income=499999,10,0.5,True,True,99985.0,reduce_work
scholarship,B2,scholarship-298,0.001953125,true_income=499999;reported_income=499999,10,1,True,True,99985,reduce_work
scholarship,B2,scholarship-299,0.001953125,true_income=499999;reported_income=499999,10,2,True,True,99985,reduce_work
scholarship,B2,scholarship-300,0.001953125,true_income=499999;reported_income=499999,100,0,True,True,99895,reduce_work
scholarship,B2,scholarship-301,0.001953125,true_income=499999;reported_income=499999,100,0.5,True,True,99895.0,reduce_work
scholarship,B2,scholarship-302,0.001953125,true_income=499999;reported_income=499999,100,1,True,True,99895,reduce_work
scholarship,B2,scholarship-303,0.001953125,true_income=499999;reported_income=499999,100,2,True,True,99895,reduce_work
scholarship,B2,scholarship-304,0.001953125,true_income=499999;reported_income=499999,1000,0,True,True,98995,reduce_work
scholarship,B2,scholarship-305,0.001953125,true_income=499999;reported_income=499999,1000,0.5,True,True,98995.0,reduce_work
scholarship,B2,scholarship-306,0.001953125,true_income=499999;reported_income=499999,1000,1,True,True,98995,reduce_work
scholarship,B2,scholarship-307,0.001953125,true_income=499999;reported_income=499999,1000,2,True,True,98995,reduce_work
scholarship,B2,scholarship-308,0.001953125,true_income=499999;reported_income=499999,50000,0,True,True,49995,reduce_work
scholarship,B2,scholarship-309,0.001953125,true_income=499999;reported_income=499999,50000,0.5,True,True,49995.0,reduce_work
scholarship,B2,scholarship-310,0.001953125,true_income=499999;reported_income=499999,50000,1,True,True,49995,reduce_work
scholarship,B2,scholarship-311,0.001953125,true_income=499999;reported_income=499999,50000,2,True,True,49995,reduce_work
scholarship,B2,scholarship-312,0.001953125,true_income=500004;reported_income=500004,99999,0,False,False,-4,reduce_work
scholarship,B2,scholarship-313,0.001953125,true_income=500004;reported_income=500004,99999,0.5,False,False,-4.0,reduce_work
scholarship,B2,scholarship-314,0.001953125,true_income=500004;reported_income=500004,99999,1,False,False,-4,reduce_work
scholarship,B2,scholarship-315,0.001953125,true_income=500004;reported_income=500004,99999,2,False,False,-4,reduce_work
scholarship,B2,scholarship-316,0.001953125,true_income=500004;reported_income=500004,100000,0,False,False,-5,reduce_work
scholarship,B2,scholarship-317,0.001953125,true_income=500004;reported_income=500004,100000,0.5,False,False,-5.0,reduce_work
scholarship,B2,scholarship-318,0.001953125,true_income=500004;reported_income=500004,100000,1,False,False,-5,reduce_work
scholarship,B2,scholarship-319,0.001953125,true_income=500004;reported_income=500004,100000,2,False,False,-5,reduce_work
scholarship,B2,scholarship-320,0.001953125,true_income=499999;reported_income=499999,0,0,True,True,99994,reduce_work
scholarship,B2,scholarship-321,0.001953125,true_income=499999;reported_income=499999,0,0.5,True,True,99994.0,reduce_work
scholarship,B2,scholarship-322,0.001953125,true_income=499999;reported_income=499999,0,1,True,True,99994,reduce_work
scholarship,B2,scholarship-323,0.001953125,true_income=499999;reported_income=499999,0,2,True,True,99994,reduce_work
scholarship,B2,scholarship-324,0.001953125,true_income=499999;reported_income=499999,1,0,True,True,99993,reduce_work
scholarship,B2,scholarship-325,0.001953125,true_income=499999;reported_income=499999,1,0.5,True,True,99993.0,reduce_work
scholarship,B2,scholarship-326,0.001953125,true_income=499999;reported_income=499999,1,1,True,True,99993,reduce_work
scholarship,B2,scholarship-327,0.001953125,true_income=499999;reported_income=499999,1,2,True,True,99993,reduce_work
scholarship,B2,scholarship-328,0.001953125,true_income=499999;reported_income=499999,10,0,True,True,99984,reduce_work
scholarship,B2,scholarship-329,0.001953125,true_income=499999;reported_income=499999,10,0.5,True,True,99984.0,reduce_work
scholarship,B2,scholarship-330,0.001953125,true_income=499999;reported_income=499999,10,1,True,True,99984,reduce_work
scholarship,B2,scholarship-331,0.001953125,true_income=499999;reported_income=499999,10,2,True,True,99984,reduce_work
scholarship,B2,scholarship-332,0.001953125,true_income=499999;reported_income=499999,100,0,True,True,99894,reduce_work
scholarship,B2,scholarship-333,0.001953125,true_income=499999;reported_income=499999,100,0.5,True,True,99894.0,reduce_work
scholarship,B2,scholarship-334,0.001953125,true_income=499999;reported_income=499999,100,1,True,True,99894,reduce_work
scholarship,B2,scholarship-335,0.001953125,true_income=499999;reported_income=499999,100,2,True,True,99894,reduce_work
scholarship,B2,scholarship-336,0.001953125,true_income=499999;reported_income=499999,1000,0,True,True,98994,reduce_work
scholarship,B2,scholarship-337,0.001953125,true_income=499999;reported_income=499999,1000,0.5,True,True,98994.0,reduce_work
scholarship,B2,scholarship-338,0.001953125,true_income=499999;reported_income=499999,1000,1,True,True,98994,reduce_work
scholarship,B2,scholarship-339,0.001953125,true_income=499999;reported_income=499999,1000,2,True,True,98994,reduce_work
scholarship,B2,scholarship-340,0.001953125,true_income=499999;reported_income=499999,50000,0,True,True,49994,reduce_work
scholarship,B2,scholarship-341,0.001953125,true_income=499999;reported_income=499999,50000,0.5,True,True,49994.0,reduce_work
scholarship,B2,scholarship-342,0.001953125,true_income=499999;reported_income=499999,50000,1,True,True,49994,reduce_work
scholarship,B2,scholarship-343,0.001953125,true_income=499999;reported_income=499999,50000,2,True,True,49994,reduce_work
scholarship,B2,scholarship-344,0.001953125,true_income=500005;reported_income=500005,99999,0,False,False,-5,reduce_work
scholarship,B2,scholarship-345,0.001953125,true_income=500005;reported_income=500005,99999,0.5,False,False,-5.0,reduce_work
scholarship,B2,scholarship-346,0.001953125,true_income=500005;reported_income=500005,99999,1,False,False,-5,reduce_work
scholarship,B2,scholarship-347,0.001953125,true_income=500005;reported_income=500005,99999,2,False,False,-5,reduce_work
scholarship,B2,scholarship-348,0.001953125,true_income=500005;reported_income=500005,100000,0,False,False,-6,reduce_work
scholarship,B2,scholarship-349,0.001953125,true_income=500005;reported_income=500005,100000,0.5,False,False,-6.0,reduce_work
scholarship,B2,scholarship-350,0.001953125,true_income=500005;reported_income=500005,100000,1,False,False,-6,reduce_work
scholarship,B2,scholarship-351,0.001953125,true_income=500005;reported_income=500005,100000,2,False,False,-6,reduce_work
scholarship,B2,scholarship-352,0.001953125,true_income=499999;reported_income=499999,0,0,True,True,99993,reduce_work
scholarship,B2,scholarship-353,0.001953125,true_income=499999;reported_income=499999,0,0.5,True,True,99993.0,reduce_work
scholarship,B2,scholarship-354,0.001953125,true_income=499999;reported_income=499999,0,1,True,True,99993,reduce_work
scholarship,B2,scholarship-355,0.001953125,true_income=499999;reported_income=499999,0,2,True,True,99993,reduce_work
scholarship,B2,scholarship-356,0.001953125,true_income=499999;reported_income=499999,1,0,True,True,99992,reduce_work
scholarship,B2,scholarship-357,0.001953125,true_income=499999;reported_income=499999,1,0.5,True,True,99992.0,reduce_work
scholarship,B2,scholarship-358,0.001953125,true_income=499999;reported_income=499999,1,1,True,True,99992,reduce_work
scholarship,B2,scholarship-359,0.001953125,true_income=499999;reported_income=499999,1,2,True,True,99992,reduce_work
scholarship,B2,scholarship-360,0.001953125,true_income=499999;reported_income=499999,10,0,True,True,99983,reduce_work
scholarship,B2,scholarship-361,0.001953125,true_income=499999;reported_income=499999,10,0.5,True,True,99983.0,reduce_work
scholarship,B2,scholarship-362,0.001953125,true_income=499999;reported_income=499999,10,1,True,True,99983,reduce_work
scholarship,B2,scholarship-363,0.001953125,true_income=499999;reported_income=499999,10,2,True,True,99983,reduce_work
scholarship,B2,scholarship-364,0.001953125,true_income=499999;reported_income=499999,100,0,True,True,99893,reduce_work
scholarship,B2,scholarship-365,0.001953125,true_income=499999;reported_income=499999,100,0.5,True,True,99893.0,reduce_work
scholarship,B2,scholarship-366,0.001953125,true_income=499999;reported_income=499999,100,1,True,True,99893,reduce_work
scholarship,B2,scholarship-367,0.001953125,true_income=499999;reported_income=499999,100,2,True,True,99893,reduce_work
scholarship,B2,scholarship-368,0.001953125,true_income=499999;reported_income=499999,1000,0,True,True,98993,reduce_work
scholarship,B2,scholarship-369,0.001953125,true_income=499999;reported_income=499999,1000,0.5,True,True,98993.0,reduce_work
scholarship,B2,scholarship-370,0.001953125,true_income=499999;reported_income=499999,1000,1,True,True,98993,reduce_work
scholarship,B2,scholarship-371,0.001953125,true_income=499999;reported_income=499999,1000,2,True,True,98993,reduce_work
scholarship,B2,scholarship-372,0.001953125,true_income=499999;reported_income=499999,50000,0,True,True,49993,reduce_work
scholarship,B2,scholarship-373,0.001953125,true_income=499999;reported_income=499999,50000,0.5,True,True,49993.0,reduce_work
scholarship,B2,scholarship-374,0.001953125,true_income=499999;reported_income=499999,50000,1,True,True,49993,reduce_work
scholarship,B2,scholarship-375,0.001953125,true_income=499999;reported_income=499999,50000,2,True,True,49993,reduce_work
scholarship,B2,scholarship-376,0.001953125,true_income=500006;reported_income=500006,99999,0,False,False,-6,reduce_work
scholarship,B2,scholarship-377,0.001953125,true_income=500006;reported_income=500006,99999,0.5,False,False,-6.0,reduce_work
scholarship,B2,scholarship-378,0.001953125,true_income=500006;reported_income=500006,99999,1,False,False,-6,reduce_work
scholarship,B2,scholarship-379,0.001953125,true_income=500006;reported_income=500006,99999,2,False,False,-6,reduce_work
scholarship,B2,scholarship-380,0.001953125,true_income=500006;reported_income=500006,100000,0,False,False,-7,reduce_work
scholarship,B2,scholarship-381,0.001953125,true_income=500006;reported_income=500006,100000,0.5,False,False,-7.0,reduce_work
scholarship,B2,scholarship-382,0.001953125,true_income=500006;reported_income=500006,100000,1,False,False,-7,reduce_work
scholarship,B2,scholarship-383,0.001953125,true_income=500006;reported_income=500006,100000,2,False,False,-7,reduce_work
scholarship,B2,scholarship-384,0.001953125,true_income=499999;reported_income=499999,0,0,True,True,99992,reduce_work
scholarship,B2,scholarship-385,0.001953125,true_income=499999;reported_income=499999,0,0.5,True,True,99992.0,reduce_work
scholarship,B2,scholarship-386,0.001953125,true_income=499999;reported_income=499999,0,1,True,True,99992,reduce_work
scholarship,B2,scholarship-387,0.001953125,true_income=499999;reported_income=499999,0,2,True,True,99992,reduce_work
scholarship,B2,scholarship-388,0.001953125,true_income=499999;reported_income=499999,1,0,True,True,99991,reduce_work
scholarship,B2,scholarship-389,0.001953125,true_income=499999;reported_income=499999,1,0.5,True,True,99991.0,reduce_work
scholarship,B2,scholarship-390,0.001953125,true_income=499999;reported_income=499999,1,1,True,True,99991,reduce_work
scholarship,B2,scholarship-391,0.001953125,true_income=499999;reported_income=499999,1,2,True,True,99991,reduce_work
scholarship,B2,scholarship-392,0.001953125,true_income=499999;reported_income=499999,10,0,True,True,99982,reduce_work
scholarship,B2,scholarship-393,0.001953125,true_income=499999;reported_income=499999,10,0.5,True,True,99982.0,reduce_work
scholarship,B2,scholarship-394,0.001953125,true_income=499999;reported_income=499999,10,1,True,True,99982,reduce_work
scholarship,B2,scholarship-395,0.001953125,true_income=499999;reported_income=499999,10,2,True,True,99982,reduce_work
scholarship,B2,scholarship-396,0.001953125,true_income=499999;reported_income=499999,100,0,True,True,99892,reduce_work
scholarship,B2,scholarship-397,0.001953125,true_income=499999;reported_income=499999,100,0.5,True,True,99892.0,reduce_work
scholarship,B2,scholarship-398,0.001953125,true_income=499999;reported_income=499999,100,1,True,True,99892,reduce_work
scholarship,B2,scholarship-399,0.001953125,true_income=499999;reported_income=499999,100,2,True,True,99892,reduce_work
scholarship,B2,scholarship-400,0.001953125,true_income=499999;reported_income=499999,1000,0,True,True,98992,reduce_work
scholarship,B2,scholarship-401,0.001953125,true_income=499999;reported_income=499999,1000,0.5,True,True,98992.0,reduce_work
scholarship,B2,scholarship-402,0.001953125,true_income=499999;reported_income=499999,1000,1,True,True,98992,reduce_work
scholarship,B2,scholarship-403,0.001953125,true_income=499999;reported_income=499999,1000,2,True,True,98992,reduce_work
scholarship,B2,scholarship-404,0.001953125,true_income=499999;reported_income=499999,50000,0,True,True,49992,reduce_work
scholarship,B2,scholarship-405,0.001953125,true_income=499999;reported_income=499999,50000,0.5,True,True,49992.0,reduce_work
scholarship,B2,scholarship-406,0.001953125,true_income=499999;reported_income=499999,50000,1,True,True,49992,reduce_work
scholarship,B2,scholarship-407,0.001953125,true_income=499999;reported_income=499999,50000,2,True,True,49992,reduce_work
scholarship,B2,scholarship-408,0.001953125,true_income=500007;reported_income=500007,99999,0,False,False,-7,reduce_work
scholarship,B2,scholarship-409,0.001953125,true_income=500007;reported_income=500007,99999,0.5,False,False,-7.0,reduce_work
scholarship,B2,scholarship-410,0.001953125,true_income=500007;reported_income=500007,99999,1,False,False,-7,reduce_work
scholarship,B2,scholarship-411,0.001953125,true_income=500007;reported_income=500007,99999,2,False,False,-7,reduce_work
scholarship,B2,scholarship-412,0.001953125,true_income=500007;reported_income=500007,100000,0,False,False,-8,reduce_work
scholarship,B2,scholarship-413,0.001953125,true_income=500007;reported_income=500007,100000,0.5,False,False,-8.0,reduce_work
scholarship,B2,scholarship-414,0.001953125,true_income=500007;reported_income=500007,100000,1,False,False,-8,reduce_work
scholarship,B2,scholarship-415,0.001953125,true_income=500007;reported_income=500007,100000,2,False,False,-8,reduce_work
scholarship,B2,scholarship-416,0.001953125,true_income=499999;reported_income=499999,0,0,True,True,99991,reduce_work
scholarship,B2,scholarship-417,0.001953125,true_income=499999;reported_income=499999,0,0.5,True,True,99991.0,reduce_work
scholarship,B2,scholarship-418,0.001953125,true_income=499999;reported_income=499999,0,1,True,True,99991,reduce_work
scholarship,B2,scholarship-419,0.001953125,true_income=499999;reported_income=499999,0,2,True,True,99991,reduce_work
scholarship,B2,scholarship-420,0.001953125,true_income=499999;reported_income=499999,1,0,True,True,99990,reduce_work
scholarship,B2,scholarship-421,0.001953125,true_income=499999;reported_income=499999,1,0.5,True,True,99990.0,reduce_work
scholarship,B2,scholarship-422,0.001953125,true_income=499999;reported_income=499999,1,1,True,True,99990,reduce_work
scholarship,B2,scholarship-423,0.001953125,true_income=499999;reported_income=499999,1,2,True,True,99990,reduce_work
scholarship,B2,scholarship-424,0.001953125,true_income=499999;reported_income=499999,10,0,True,True,99981,reduce_work
scholarship,B2,scholarship-425,0.001953125,true_income=499999;reported_income=499999,10,0.5,True,True,99981.0,reduce_work
scholarship,B2,scholarship-426,0.001953125,true_income=499999;reported_income=499999,10,1,True,True,99981,reduce_work
scholarship,B2,scholarship-427,0.001953125,true_income=499999;reported_income=499999,10,2,True,True,99981,reduce_work
scholarship,B2,scholarship-428,0.001953125,true_income=499999;reported_income=499999,100,0,True,True,99891,reduce_work
scholarship,B2,scholarship-429,0.001953125,true_income=499999;reported_income=499999,100,0.5,True,True,99891.0,reduce_work
scholarship,B2,scholarship-430,0.001953125,true_income=499999;reported_income=499999,100,1,True,True,99891,reduce_work
scholarship,B2,scholarship-431,0.001953125,true_income=499999;reported_income=499999,100,2,True,True,99891,reduce_work
scholarship,B2,scholarship-432,0.001953125,true_income=499999;reported_income=499999,1000,0,True,True,98991,reduce_work
scholarship,B2,scholarship-433,0.001953125,true_income=499999;reported_income=499999,1000,0.5,True,True,98991.0,reduce_work
scholarship,B2,scholarship-434,0.001953125,true_income=499999;reported_income=499999,1000,1,True,True,98991,reduce_work
scholarship,B2,scholarship-435,0.001953125,true_income=499999;reported_income=499999,1000,2,True,True,98991,reduce_work
scholarship,B2,scholarship-436,0.001953125,true_income=499999;reported_income=499999,50000,0,True,True,49991,reduce_work
scholarship,B2,scholarship-437,0.001953125,true_income=499999;reported_income=499999,50000,0.5,True,True,49991.0,reduce_work
scholarship,B2,scholarship-438,0.001953125,true_income=499999;reported_income=499999,50000,1,True,True,49991,reduce_work
scholarship,B2,scholarship-439,0.001953125,true_income=499999;reported_income=499999,50000,2,True,True,49991,reduce_work
scholarship,B2,scholarship-440,0.001953125,true_income=500008;reported_income=500008,99999,0,False,False,-8,reduce_work
scholarship,B2,scholarship-441,0.001953125,true_income=500008;reported_income=500008,99999,0.5,False,False,-8.0,reduce_work
scholarship,B2,scholarship-442,0.001953125,true_income=500008;reported_income=500008,99999,1,False,False,-8,reduce_work
scholarship,B2,scholarship-443,0.001953125,true_income=500008;reported_income=500008,99999,2,False,False,-8,reduce_work
scholarship,B2,scholarship-444,0.001953125,true_income=500008;reported_income=500008,100000,0,False,False,-9,reduce_work
scholarship,B2,scholarship-445,0.001953125,true_income=500008;reported_income=500008,100000,0.5,False,False,-9.0,reduce_work
scholarship,B2,scholarship-446,0.001953125,true_income=500008;reported_income=500008,100000,1,False,False,-9,reduce_work
scholarship,B2,scholarship-447,0.001953125,true_income=500008;reported_income=500008,100000,2,False,False,-9,reduce_work
scholarship,B2,scholarship-448,0.001953125,true_income=499999;reported_income=499999,0,0,True,True,99990,reduce_work
scholarship,B2,scholarship-449,0.001953125,true_income=499999;reported_income=499999,0,0.5,True,True,99990.0,reduce_work
scholarship,B2,scholarship-450,0.001953125,true_income=499999;reported_income=499999,0,1,True,True,99990,reduce_work
scholarship,B2,scholarship-451,0.001953125,true_income=499999;reported_income=499999,0,2,True,True,99990,reduce_work
scholarship,B2,scholarship-452,0.001953125,true_income=499999;reported_income=499999,1,0,True,True,99989,reduce_work
scholarship,B2,scholarship-453,0.001953125,true_income=499999;reported_income=499999,1,0.5,True,True,99989.0,reduce_work
scholarship,B2,scholarship-454,0.001953125,true_income=499999;reported_income=499999,1,1,True,True,99989,reduce_work
scholarship,B2,scholarship-455,0.001953125,true_income=499999;reported_income=499999,1,2,True,True,99989,reduce_work
scholarship,B2,scholarship-456,0.001953125,true_income=499999;reported_income=499999,10,0,True,True,99980,reduce_work
scholarship,B2,scholarship-457,0.001953125,true_income=499999;reported_income=499999,10,0.5,True,True,99980.0,reduce_work
scholarship,B2,scholarship-458,0.001953125,true_income=499999;reported_income=499999,10,1,True,True,99980,reduce_work
scholarship,B2,scholarship-459,0.001953125,true_income=499999;reported_income=499999,10,2,True,True,99980,reduce_work
scholarship,B2,scholarship-460,0.001953125,true_income=499999;reported_income=499999,100,0,True,True,99890,reduce_work
scholarship,B2,scholarship-461,0.001953125,true_income=499999;reported_income=499999,100,0.5,True,True,99890.0,reduce_work
scholarship,B2,scholarship-462,0.001953125,true_income=499999;reported_income=499999,100,1,True,True,99890,reduce_work
scholarship,B2,scholarship-463,0.001953125,true_income=499999;reported_income=499999,100,2,True,True,99890,reduce_work
scholarship,B2,scholarship-464,0.001953125,true_income=499999;reported_income=499999,1000,0,True,True,98990,reduce_work
scholarship,B2,scholarship-465,0.001953125,true_income=499999;reported_income=499999,1000,0.5,True,True,98990.0,reduce_work
scholarship,B2,scholarship-466,0.001953125,true_income=499999;reported_income=499999,1000,1,True,True,98990,reduce_work
scholarship,B2,scholarship-467,0.001953125,true_income=499999;reported_income=499999,1000,2,True,True,98990,reduce_work
scholarship,B2,scholarship-468,0.001953125,true_income=499999;reported_income=499999,50000,0,True,True,49990,reduce_work
scholarship,B2,scholarship-469,0.001953125,true_income=499999;reported_income=499999,50000,0.5,True,True,49990.0,reduce_work
scholarship,B2,scholarship-470,0.001953125,true_income=499999;reported_income=499999,50000,1,True,True,49990,reduce_work
scholarship,B2,scholarship-471,0.001953125,true_income=499999;reported_income=499999,50000,2,True,True,49990,reduce_work
scholarship,B2,scholarship-472,0.001953125,true_income=500009;reported_income=500009,99999,0,False,False,-9,reduce_work
scholarship,B2,scholarship-473,0.001953125,true_income=500009;reported_income=500009,99999,0.5,False,False,-9.0,reduce_work
scholarship,B2,scholarship-474,0.001953125,true_income=500009;reported_income=500009,99999,1,False,False,-9,reduce_work
scholarship,B2,scholarship-475,0.001953125,true_income=500009;reported_income=500009,99999,2,False,False,-9,reduce_work
scholarship,B2,scholarship-476,0.001953125,true_income=500009;reported_income=500009,100000,0,False,False,-10,reduce_work
scholarship,B2,scholarship-477,0.001953125,true_income=500009;reported_income=500009,100000,0.5,False,False,-10.0,reduce_work
scholarship,B2,scholarship-478,0.001953125,true_income=500009;reported_income=500009,100000,1,False,False,-10,reduce_work
scholarship,B2,scholarship-479,0.001953125,true_income=500009;reported_income=500009,100000,2,False,False,-10,reduce_work
scholarship,B2,scholarship-480,0.001953125,true_income=499999;reported_income=499999,0,0,True,True,99989,reduce_work
scholarship,B2,scholarship-481,0.001953125,true_income=499999;reported_income=499999,0,0.5,True,True,99989.0,reduce_work
scholarship,B2,scholarship-482,0.001953125,true_income=499999;reported_income=499999,0,1,True,True,99989,reduce_work
scholarship,B2,scholarship-483,0.001953125,true_income=499999;reported_income=499999,0,2,True,True,99989,reduce_work
scholarship,B2,scholarship-484,0.001953125,true_income=499999;reported_income=499999,1,0,True,True,99988,reduce_work
scholarship,B2,scholarship-485,0.001953125,true_income=499999;reported_income=499999,1,0.5,True,True,99988.0,reduce_work
scholarship,B2,scholarship-486,0.001953125,true_income=499999;reported_income=499999,1,1,True,True,99988,reduce_work
scholarship,B2,scholarship-487,0.001953125,true_income=499999;reported_income=499999,1,2,True,True,99988,reduce_work
scholarship,B2,scholarship-488,0.001953125,true_income=499999;reported_income=499999,10,0,True,True,99979,reduce_work
scholarship,B2,scholarship-489,0.001953125,true_income=499999;reported_income=499999,10,0.5,True,True,99979.0,reduce_work
scholarship,B2,scholarship-490,0.001953125,true_income=499999;reported_income=499999,10,1,True,True,99979,reduce_work
scholarship,B2,scholarship-491,0.001953125,true_income=499999;reported_income=499999,10,2,True,True,99979,reduce_work
scholarship,B2,scholarship-492,0.001953125,true_income=499999;reported_income=499999,100,0,True,True,99889,reduce_work
scholarship,B2,scholarship-493,0.001953125,true_income=499999;reported_income=499999,100,0.5,True,True,99889.0,reduce_work
scholarship,B2,scholarship-494,0.001953125,true_income=499999;reported_income=499999,100,1,True,True,99889,reduce_work
scholarship,B2,scholarship-495,0.001953125,true_income=499999;reported_income=499999,100,2,True,True,99889,reduce_work
scholarship,B2,scholarship-496,0.001953125,true_income=499999;reported_income=499999,1000,0,True,True,98989,reduce_work
scholarship,B2,scholarship-497,0.001953125,true_income=499999;reported_income=499999,1000,0.5,True,True,98989.0,reduce_work
scholarship,B2,scholarship-498,0.001953125,true_income=499999;reported_income=499999,1000,1,True,True,98989,reduce_work
scholarship,B2,scholarship-499,0.001953125,true_income=499999;reported_income=499999,1000,2,True,True,98989,reduce_work
scholarship,B2,scholarship-500,0.001953125,true_income=499999;reported_income=499999,50000,0,True,True,49989,reduce_work
scholarship,B2,scholarship-501,0.001953125,true_income=499999;reported_income=499999,50000,0.5,True,True,49989.0,reduce_work
scholarship,B2,scholarship-502,0.001953125,true_income=499999;reported_income=499999,50000,1,True,True,49989,reduce_work
scholarship,B2,scholarship-503,0.001953125,true_income=499999;reported_income=499999,50000,2,True,True,49989,reduce_work
scholarship,B2,scholarship-504,0.001953125,true_income=500010;reported_income=500010,99999,0,False,False,-10,reduce_work
scholarship,B2,scholarship-505,0.001953125,true_income=500010;reported_income=500010,99999,0.5,False,False,-10.0,reduce_work
scholarship,B2,scholarship-506,0.001953125,true_income=500010;reported_income=500010,99999,1,False,False,-10,reduce_work
scholarship,B2,scholarship-507,0.001953125,true_income=500010;reported_income=500010,99999,2,False,False,-10,reduce_work
scholarship,B2,scholarship-508,0.001953125,true_income=500010;reported_income=500010,100000,0,False,False,-11,reduce_work
scholarship,B2,scholarship-509,0.001953125,true_income=500010;reported_income=500010,100000,0.5,False,False,-11.0,reduce_work
scholarship,B2,scholarship-510,0.001953125,true_income=500010;reported_income=500010,100000,1,False,False,-11,reduce_work
scholarship,B2,scholarship-511,0.001953125,true_income=500010;reported_income=500010,100000,2,False,False,-11,reduce_work
phase_out,B0,phase_out-0,0.015625,income=479999,0,1,False,False,0,reduce_income
phase_out,B0,phase_out-1,0.015625,income=479999,1,1,False,False,-1,reduce_income
phase_out,B0,phase_out-2,0.015625,income=479999,10,1,False,False,-10,reduce_income
phase_out,B0,phase_out-3,0.015625,income=479999,100,1,False,False,-100,reduce_income
phase_out,B0,phase_out-4,0.015625,income=479999,1000,1,False,False,-1000,reduce_income
phase_out,B0,phase_out-5,0.015625,income=479999,50000,1,False,False,-50000,reduce_income
phase_out,B0,phase_out-6,0.015625,income=479999,99999,1,False,False,-99999,reduce_income
phase_out,B0,phase_out-7,0.015625,income=479999,100000,1,False,False,-100000,reduce_income
phase_out,B0,phase_out-8,0.015625,income=480000,0,1,False,False,0,reduce_income
phase_out,B0,phase_out-9,0.015625,income=480000,1,1,False,False,-1,reduce_income
phase_out,B0,phase_out-10,0.015625,income=480000,10,1,False,False,-10,reduce_income
phase_out,B0,phase_out-11,0.015625,income=480000,100,1,False,False,-100,reduce_income
phase_out,B0,phase_out-12,0.015625,income=480000,1000,1,False,False,-1000,reduce_income
phase_out,B0,phase_out-13,0.015625,income=480000,50000,1,False,False,-50000,reduce_income
phase_out,B0,phase_out-14,0.015625,income=480000,99999,1,False,False,-99999,reduce_income
phase_out,B0,phase_out-15,0.015625,income=480000,100000,1,False,False,-100000,reduce_income
phase_out,B0,phase_out-16,0.015625,income=480001,0,1,False,False,0E-16,reduce_income
phase_out,B0,phase_out-17,0.015625,income=480001,1,1,False,False,-1.0000000000000000,reduce_income
phase_out,B0,phase_out-18,0.015625,income=480001,10,1,False,False,-10.0000000000000000,reduce_income
phase_out,B0,phase_out-19,0.015625,income=480001,100,1,False,False,-100.0000000000000000,reduce_income
phase_out,B0,phase_out-20,0.015625,income=480001,1000,1,False,False,-1000.0000000000000000,reduce_income
phase_out,B0,phase_out-21,0.015625,income=480001,50000,1,False,False,-50000.0000000000000000,reduce_income
phase_out,B0,phase_out-22,0.015625,income=480001,99999,1,False,False,-99999.0000000000000000,reduce_income
phase_out,B0,phase_out-23,0.015625,income=480001,100000,1,False,False,-100000.0000000000000000,reduce_income
phase_out,B0,phase_out-24,0.015625,income=500000,0,1,False,False,0E-16,reduce_income
phase_out,B0,phase_out-25,0.015625,income=500000,1,1,False,False,-1.0000000000000000,reduce_income
phase_out,B0,phase_out-26,0.015625,income=500000,10,1,False,False,-10.0000000000000000,reduce_income
phase_out,B0,phase_out-27,0.015625,income=500000,100,1,False,False,-100.0000000000000000,reduce_income
phase_out,B0,phase_out-28,0.015625,income=500000,1000,1,False,False,-1000.0000000000000000,reduce_income
phase_out,B0,phase_out-29,0.015625,income=500000,50000,1,False,False,-50000.0000000000000000,reduce_income
phase_out,B0,phase_out-30,0.015625,income=500000,99999,1,False,False,-99999.0000000000000000,reduce_income
phase_out,B0,phase_out-31,0.015625,income=500000,100000,1,False,False,-100000.0000000000000000,reduce_income
phase_out,B0,phase_out-32,0.015625,income=550000,0,1,False,False,0E-16,reduce_income
phase_out,B0,phase_out-33,0.015625,income=550000,1,1,False,False,-1.0000000000000000,reduce_income
phase_out,B0,phase_out-34,0.015625,income=550000,10,1,False,False,-10.0000000000000000,reduce_income
phase_out,B0,phase_out-35,0.015625,income=550000,100,1,False,False,-100.0000000000000000,reduce_income
phase_out,B0,phase_out-36,0.015625,income=550000,1000,1,False,False,-1000.0000000000000000,reduce_income
phase_out,B0,phase_out-37,0.015625,income=550000,50000,1,False,False,-50000.0000000000000000,reduce_income
phase_out,B0,phase_out-38,0.015625,income=550000,99999,1,False,False,-99999.0000000000000000,reduce_income
phase_out,B0,phase_out-39,0.015625,income=550000,100000,1,False,False,-100000.0000000000000000,reduce_income
phase_out,B0,phase_out-40,0.015625,income=619999,0,1,False,False,0E-16,reduce_income
phase_out,B0,phase_out-41,0.015625,income=619999,1,1,False,False,-1.0000000000000000,reduce_income
phase_out,B0,phase_out-42,0.015625,income=619999,10,1,False,False,-10.0000000000000000,reduce_income
phase_out,B0,phase_out-43,0.015625,income=619999,100,1,False,False,-100.0000000000000000,reduce_income
phase_out,B0,phase_out-44,0.015625,income=619999,1000,1,False,False,-1000.0000000000000000,reduce_income
phase_out,B0,phase_out-45,0.015625,income=619999,50000,1,False,False,-50000.0000000000000000,reduce_income
phase_out,B0,phase_out-46,0.015625,income=619999,99999,1,False,False,-99999.0000000000000000,reduce_income
phase_out,B0,phase_out-47,0.015625,income=619999,100000,1,False,False,-100000.0000000000000000,reduce_income
phase_out,B0,phase_out-48,0.015625,income=620000,0,1,False,False,0,reduce_income
phase_out,B0,phase_out-49,0.015625,income=620000,1,1,False,False,-1,reduce_income
phase_out,B0,phase_out-50,0.015625,income=620000,10,1,False,False,-10,reduce_income
phase_out,B0,phase_out-51,0.015625,income=620000,100,1,False,False,-100,reduce_income
phase_out,B0,phase_out-52,0.015625,income=620000,1000,1,False,False,-1000,reduce_income
phase_out,B0,phase_out-53,0.015625,income=620000,50000,1,False,False,-50000,reduce_income
phase_out,B0,phase_out-54,0.015625,income=620000,99999,1,False,False,-99999,reduce_income
phase_out,B0,phase_out-55,0.015625,income=620000,100000,1,False,False,-100000,reduce_income
phase_out,B0,phase_out-56,0.015625,income=620001,0,1,False,False,0,reduce_income
phase_out,B0,phase_out-57,0.015625,income=620001,1,1,False,False,-1,reduce_income
phase_out,B0,phase_out-58,0.015625,income=620001,10,1,False,False,-10,reduce_income
phase_out,B0,phase_out-59,0.015625,income=620001,100,1,False,False,-100,reduce_income
phase_out,B0,phase_out-60,0.015625,income=620001,1000,1,False,False,-1000,reduce_income
phase_out,B0,phase_out-61,0.015625,income=620001,50000,1,False,False,-50000,reduce_income
phase_out,B0,phase_out-62,0.015625,income=620001,99999,1,False,False,-99999,reduce_income
phase_out,B0,phase_out-63,0.015625,income=620001,100000,1,False,False,-100000,reduce_income
phase_out,B1,phase_out-0,0.015625,income=479999,0,1,False,False,0,reduce_income
phase_out,B1,phase_out-1,0.015625,income=479999,1,1,False,False,-1,reduce_income
phase_out,B1,phase_out-2,0.015625,income=479999,10,1,False,False,-10,reduce_income
phase_out,B1,phase_out-3,0.015625,income=479999,100,1,False,False,-100,reduce_income
phase_out,B1,phase_out-4,0.015625,income=479999,1000,1,False,False,-1000,reduce_income
phase_out,B1,phase_out-5,0.015625,income=479999,50000,1,False,False,-50000,reduce_income
phase_out,B1,phase_out-6,0.015625,income=479999,99999,1,False,False,-99999,reduce_income
phase_out,B1,phase_out-7,0.015625,income=479999,100000,1,False,False,-100000,reduce_income
phase_out,B1,phase_out-8,0.015625,income=480000,0,1,False,False,0,reduce_income
phase_out,B1,phase_out-9,0.015625,income=480000,1,1,False,False,-1,reduce_income
phase_out,B1,phase_out-10,0.015625,income=480000,10,1,False,False,-10,reduce_income
phase_out,B1,phase_out-11,0.015625,income=480000,100,1,False,False,-100,reduce_income
phase_out,B1,phase_out-12,0.015625,income=480000,1000,1,False,False,-1000,reduce_income
phase_out,B1,phase_out-13,0.015625,income=480000,50000,1,False,False,-50000,reduce_income
phase_out,B1,phase_out-14,0.015625,income=480000,99999,1,False,False,-99999,reduce_income
phase_out,B1,phase_out-15,0.015625,income=480000,100000,1,False,False,-100000,reduce_income
phase_out,B1,phase_out-16,0.015625,income=480001,0,1,False,False,0E-16,reduce_income
phase_out,B1,phase_out-17,0.015625,income=480001,1,1,False,False,-1.0000000000000000,reduce_income
phase_out,B1,phase_out-18,0.015625,income=480001,10,1,False,False,-10.0000000000000000,reduce_income
phase_out,B1,phase_out-19,0.015625,income=480001,100,1,False,False,-100.0000000000000000,reduce_income
phase_out,B1,phase_out-20,0.015625,income=480001,1000,1,False,False,-1000.0000000000000000,reduce_income
phase_out,B1,phase_out-21,0.015625,income=480001,50000,1,False,False,-50000.0000000000000000,reduce_income
phase_out,B1,phase_out-22,0.015625,income=480001,99999,1,False,False,-99999.0000000000000000,reduce_income
phase_out,B1,phase_out-23,0.015625,income=480001,100000,1,False,False,-100000.0000000000000000,reduce_income
phase_out,B1,phase_out-24,0.015625,income=500000,0,1,False,False,0E-16,reduce_income
phase_out,B1,phase_out-25,0.015625,income=500000,1,1,False,False,-1.0000000000000000,reduce_income
phase_out,B1,phase_out-26,0.015625,income=500000,10,1,False,False,-10.0000000000000000,reduce_income
phase_out,B1,phase_out-27,0.015625,income=500000,100,1,False,False,-100.0000000000000000,reduce_income
phase_out,B1,phase_out-28,0.015625,income=500000,1000,1,False,False,-1000.0000000000000000,reduce_income
phase_out,B1,phase_out-29,0.015625,income=500000,50000,1,False,False,-50000.0000000000000000,reduce_income
phase_out,B1,phase_out-30,0.015625,income=500000,99999,1,False,False,-99999.0000000000000000,reduce_income
phase_out,B1,phase_out-31,0.015625,income=500000,100000,1,False,False,-100000.0000000000000000,reduce_income
phase_out,B1,phase_out-32,0.015625,income=550000,0,1,False,False,0E-16,reduce_income
phase_out,B1,phase_out-33,0.015625,income=550000,1,1,False,False,-1.0000000000000000,reduce_income
phase_out,B1,phase_out-34,0.015625,income=550000,10,1,False,False,-10.0000000000000000,reduce_income
phase_out,B1,phase_out-35,0.015625,income=550000,100,1,False,False,-100.0000000000000000,reduce_income
phase_out,B1,phase_out-36,0.015625,income=550000,1000,1,False,False,-1000.0000000000000000,reduce_income
phase_out,B1,phase_out-37,0.015625,income=550000,50000,1,False,False,-50000.0000000000000000,reduce_income
phase_out,B1,phase_out-38,0.015625,income=550000,99999,1,False,False,-99999.0000000000000000,reduce_income
phase_out,B1,phase_out-39,0.015625,income=550000,100000,1,False,False,-100000.0000000000000000,reduce_income
phase_out,B1,phase_out-40,0.015625,income=619999,0,1,False,False,0E-16,reduce_income
phase_out,B1,phase_out-41,0.015625,income=619999,1,1,False,False,-1.0000000000000000,reduce_income
phase_out,B1,phase_out-42,0.015625,income=619999,10,1,False,False,-10.0000000000000000,reduce_income
phase_out,B1,phase_out-43,0.015625,income=619999,100,1,False,False,-100.0000000000000000,reduce_income
phase_out,B1,phase_out-44,0.015625,income=619999,1000,1,False,False,-1000.0000000000000000,reduce_income
phase_out,B1,phase_out-45,0.015625,income=619999,50000,1,False,False,-50000.0000000000000000,reduce_income
phase_out,B1,phase_out-46,0.015625,income=619999,99999,1,False,False,-99999.0000000000000000,reduce_income
phase_out,B1,phase_out-47,0.015625,income=619999,100000,1,False,False,-100000.0000000000000000,reduce_income
phase_out,B1,phase_out-48,0.015625,income=620000,0,1,False,False,0,reduce_income
phase_out,B1,phase_out-49,0.015625,income=620000,1,1,False,False,-1,reduce_income
phase_out,B1,phase_out-50,0.015625,income=620000,10,1,False,False,-10,reduce_income
phase_out,B1,phase_out-51,0.015625,income=620000,100,1,False,False,-100,reduce_income
phase_out,B1,phase_out-52,0.015625,income=620000,1000,1,False,False,-1000,reduce_income
phase_out,B1,phase_out-53,0.015625,income=620000,50000,1,False,False,-50000,reduce_income
phase_out,B1,phase_out-54,0.015625,income=620000,99999,1,False,False,-99999,reduce_income
phase_out,B1,phase_out-55,0.015625,income=620000,100000,1,False,False,-100000,reduce_income
phase_out,B1,phase_out-56,0.015625,income=620001,0,1,False,False,0,reduce_income
phase_out,B1,phase_out-57,0.015625,income=620001,1,1,False,False,-1,reduce_income
phase_out,B1,phase_out-58,0.015625,income=620001,10,1,False,False,-10,reduce_income
phase_out,B1,phase_out-59,0.015625,income=620001,100,1,False,False,-100,reduce_income
phase_out,B1,phase_out-60,0.015625,income=620001,1000,1,False,False,-1000,reduce_income
phase_out,B1,phase_out-61,0.015625,income=620001,50000,1,False,False,-50000,reduce_income
phase_out,B1,phase_out-62,0.015625,income=620001,99999,1,False,False,-99999,reduce_income
phase_out,B1,phase_out-63,0.015625,income=620001,100000,1,False,False,-100000,reduce_income
phase_out,B2,phase_out-0,0.015625,income=479999,0,1,False,False,0,reduce_income
phase_out,B2,phase_out-1,0.015625,income=479999,1,1,False,False,-1,reduce_income
phase_out,B2,phase_out-2,0.015625,income=479999,10,1,False,False,-10,reduce_income
phase_out,B2,phase_out-3,0.015625,income=479999,100,1,False,False,-100,reduce_income
phase_out,B2,phase_out-4,0.015625,income=479999,1000,1,False,False,-1000,reduce_income
phase_out,B2,phase_out-5,0.015625,income=479999,50000,1,False,False,-50000,reduce_income
phase_out,B2,phase_out-6,0.015625,income=479999,99999,1,False,False,-99999,reduce_income
phase_out,B2,phase_out-7,0.015625,income=479999,100000,1,False,False,-100000,reduce_income
phase_out,B2,phase_out-8,0.015625,income=480000,0,1,False,False,0,reduce_income
phase_out,B2,phase_out-9,0.015625,income=480000,1,1,False,False,-1,reduce_income
phase_out,B2,phase_out-10,0.015625,income=480000,10,1,False,False,-10,reduce_income
phase_out,B2,phase_out-11,0.015625,income=480000,100,1,False,False,-100,reduce_income
phase_out,B2,phase_out-12,0.015625,income=480000,1000,1,False,False,-1000,reduce_income
phase_out,B2,phase_out-13,0.015625,income=480000,50000,1,False,False,-50000,reduce_income
phase_out,B2,phase_out-14,0.015625,income=480000,99999,1,False,False,-99999,reduce_income
phase_out,B2,phase_out-15,0.015625,income=480000,100000,1,False,False,-100000,reduce_income
phase_out,B2,phase_out-16,0.015625,income=480001,0,1,False,False,0E-16,reduce_income
phase_out,B2,phase_out-17,0.015625,income=480001,1,1,False,False,-1.0000000000000000,reduce_income
phase_out,B2,phase_out-18,0.015625,income=480001,10,1,False,False,-10.0000000000000000,reduce_income
phase_out,B2,phase_out-19,0.015625,income=480001,100,1,False,False,-100.0000000000000000,reduce_income
phase_out,B2,phase_out-20,0.015625,income=480001,1000,1,False,False,-1000.0000000000000000,reduce_income
phase_out,B2,phase_out-21,0.015625,income=480001,50000,1,False,False,-50000.0000000000000000,reduce_income
phase_out,B2,phase_out-22,0.015625,income=480001,99999,1,False,False,-99999.0000000000000000,reduce_income
phase_out,B2,phase_out-23,0.015625,income=480001,100000,1,False,False,-100000.0000000000000000,reduce_income
phase_out,B2,phase_out-24,0.015625,income=500000,0,1,False,False,0E-16,reduce_income
phase_out,B2,phase_out-25,0.015625,income=500000,1,1,False,False,-1.0000000000000000,reduce_income
phase_out,B2,phase_out-26,0.015625,income=500000,10,1,False,False,-10.0000000000000000,reduce_income
phase_out,B2,phase_out-27,0.015625,income=500000,100,1,False,False,-100.0000000000000000,reduce_income
phase_out,B2,phase_out-28,0.015625,income=500000,1000,1,False,False,-1000.0000000000000000,reduce_income
phase_out,B2,phase_out-29,0.015625,income=500000,50000,1,False,False,-50000.0000000000000000,reduce_income
phase_out,B2,phase_out-30,0.015625,income=500000,99999,1,False,False,-99999.0000000000000000,reduce_income
phase_out,B2,phase_out-31,0.015625,income=500000,100000,1,False,False,-100000.0000000000000000,reduce_income
phase_out,B2,phase_out-32,0.015625,income=550000,0,1,False,False,0E-16,reduce_income
phase_out,B2,phase_out-33,0.015625,income=550000,1,1,False,False,-1.0000000000000000,reduce_income
phase_out,B2,phase_out-34,0.015625,income=550000,10,1,False,False,-10.0000000000000000,reduce_income
phase_out,B2,phase_out-35,0.015625,income=550000,100,1,False,False,-100.0000000000000000,reduce_income
phase_out,B2,phase_out-36,0.015625,income=550000,1000,1,False,False,-1000.0000000000000000,reduce_income
phase_out,B2,phase_out-37,0.015625,income=550000,50000,1,False,False,-50000.0000000000000000,reduce_income
phase_out,B2,phase_out-38,0.015625,income=550000,99999,1,False,False,-99999.0000000000000000,reduce_income
phase_out,B2,phase_out-39,0.015625,income=550000,100000,1,False,False,-100000.0000000000000000,reduce_income
phase_out,B2,phase_out-40,0.015625,income=619999,0,1,False,False,0E-16,reduce_income
phase_out,B2,phase_out-41,0.015625,income=619999,1,1,False,False,-1.0000000000000000,reduce_income
phase_out,B2,phase_out-42,0.015625,income=619999,10,1,False,False,-10.0000000000000000,reduce_income
phase_out,B2,phase_out-43,0.015625,income=619999,100,1,False,False,-100.0000000000000000,reduce_income
phase_out,B2,phase_out-44,0.015625,income=619999,1000,1,False,False,-1000.0000000000000000,reduce_income
phase_out,B2,phase_out-45,0.015625,income=619999,50000,1,False,False,-50000.0000000000000000,reduce_income
phase_out,B2,phase_out-46,0.015625,income=619999,99999,1,False,False,-99999.0000000000000000,reduce_income
phase_out,B2,phase_out-47,0.015625,income=619999,100000,1,False,False,-100000.0000000000000000,reduce_income
phase_out,B2,phase_out-48,0.015625,income=620000,0,1,False,False,0,reduce_income
phase_out,B2,phase_out-49,0.015625,income=620000,1,1,False,False,-1,reduce_income
phase_out,B2,phase_out-50,0.015625,income=620000,10,1,False,False,-10,reduce_income
phase_out,B2,phase_out-51,0.015625,income=620000,100,1,False,False,-100,reduce_income
phase_out,B2,phase_out-52,0.015625,income=620000,1000,1,False,False,-1000,reduce_income
phase_out,B2,phase_out-53,0.015625,income=620000,50000,1,False,False,-50000,reduce_income
phase_out,B2,phase_out-54,0.015625,income=620000,99999,1,False,False,-99999,reduce_income
phase_out,B2,phase_out-55,0.015625,income=620000,100000,1,False,False,-100000,reduce_income
phase_out,B2,phase_out-56,0.015625,income=620001,0,1,False,False,0,reduce_income
phase_out,B2,phase_out-57,0.015625,income=620001,1,1,False,False,-1,reduce_income
phase_out,B2,phase_out-58,0.015625,income=620001,10,1,False,False,-10,reduce_income
phase_out,B2,phase_out-59,0.015625,income=620001,100,1,False,False,-100,reduce_income
phase_out,B2,phase_out-60,0.015625,income=620001,1000,1,False,False,-1000,reduce_income
phase_out,B2,phase_out-61,0.015625,income=620001,50000,1,False,False,-50000,reduce_income
phase_out,B2,phase_out-62,0.015625,income=620001,99999,1,False,False,-99999,reduce_income
phase_out,B2,phase_out-63,0.015625,income=620001,100000,1,False,False,-100000,reduce_income
stacked,B0,stacked-0,0.01190476190476190476190476190,income=0,0,1,False,False,0,reduce_income
stacked,B0,stacked-1,0.01190476190476190476190476190,income=0,1,1,False,False,-1,reduce_income
stacked,B0,stacked-2,0.01190476190476190476190476190,income=0,5,1,False,False,-5,reduce_income
stacked,B0,stacked-3,0.01190476190476190476190476190,income=0,10,1,False,False,-10,reduce_income
stacked,B0,stacked-4,0.01190476190476190476190476190,income=1,0,1,False,False,0,reduce_income
stacked,B0,stacked-5,0.01190476190476190476190476190,income=1,1,1,False,False,-1,reduce_income
stacked,B0,stacked-6,0.01190476190476190476190476190,income=1,5,1,False,False,-5,reduce_income
stacked,B0,stacked-7,0.01190476190476190476190476190,income=1,10,1,False,False,-10,reduce_income
stacked,B0,stacked-8,0.01190476190476190476190476190,income=2,0,1,False,False,0,reduce_income
stacked,B0,stacked-9,0.01190476190476190476190476190,income=2,1,1,False,False,-1,reduce_income
stacked,B0,stacked-10,0.01190476190476190476190476190,income=2,5,1,False,False,-5,reduce_income
stacked,B0,stacked-11,0.01190476190476190476190476190,income=2,10,1,False,False,-10,reduce_income
stacked,B0,stacked-12,0.01190476190476190476190476190,income=3,0,1,False,False,0,reduce_income
stacked,B0,stacked-13,0.01190476190476190476190476190,income=3,1,1,False,False,-1,reduce_income
stacked,B0,stacked-14,0.01190476190476190476190476190,income=3,5,1,False,False,-5,reduce_income
stacked,B0,stacked-15,0.01190476190476190476190476190,income=3,10,1,False,False,-10,reduce_income
stacked,B0,stacked-16,0.01190476190476190476190476190,income=4,0,1,False,False,0,reduce_income
stacked,B0,stacked-17,0.01190476190476190476190476190,income=4,1,1,False,False,-1,reduce_income
stacked,B0,stacked-18,0.01190476190476190476190476190,income=4,5,1,False,False,-5,reduce_income
stacked,B0,stacked-19,0.01190476190476190476190476190,income=4,10,1,False,False,-10,reduce_income
stacked,B0,stacked-20,0.01190476190476190476190476190,income=5,0,1,False,False,0,reduce_income
stacked,B0,stacked-21,0.01190476190476190476190476190,income=5,1,1,False,False,-1,reduce_income
stacked,B0,stacked-22,0.01190476190476190476190476190,income=5,5,1,False,False,-5,reduce_income
stacked,B0,stacked-23,0.01190476190476190476190476190,income=5,10,1,False,False,-10,reduce_income
stacked,B0,stacked-24,0.01190476190476190476190476190,income=6,0,1,False,False,0,reduce_income
stacked,B0,stacked-25,0.01190476190476190476190476190,income=6,1,1,False,False,-1,reduce_income
stacked,B0,stacked-26,0.01190476190476190476190476190,income=6,5,1,False,False,-5,reduce_income
stacked,B0,stacked-27,0.01190476190476190476190476190,income=6,10,1,False,False,-10,reduce_income
stacked,B0,stacked-28,0.01190476190476190476190476190,income=7,0,1,False,False,0,reduce_income
stacked,B0,stacked-29,0.01190476190476190476190476190,income=7,1,1,False,False,-1,reduce_income
stacked,B0,stacked-30,0.01190476190476190476190476190,income=7,5,1,False,False,-5,reduce_income
stacked,B0,stacked-31,0.01190476190476190476190476190,income=7,10,1,False,False,-10,reduce_income
stacked,B0,stacked-32,0.01190476190476190476190476190,income=8,0,1,False,False,0,reduce_income
stacked,B0,stacked-33,0.01190476190476190476190476190,income=8,1,1,False,False,-1,reduce_income
stacked,B0,stacked-34,0.01190476190476190476190476190,income=8,5,1,False,False,-5,reduce_income
stacked,B0,stacked-35,0.01190476190476190476190476190,income=8,10,1,False,False,-10,reduce_income
stacked,B0,stacked-36,0.01190476190476190476190476190,income=9,0,1,False,False,0,reduce_income
stacked,B0,stacked-37,0.01190476190476190476190476190,income=9,1,1,False,False,-1,reduce_income
stacked,B0,stacked-38,0.01190476190476190476190476190,income=9,5,1,False,False,-5,reduce_income
stacked,B0,stacked-39,0.01190476190476190476190476190,income=9,10,1,False,False,-10,reduce_income
stacked,B0,stacked-40,0.01190476190476190476190476190,income=10,0,1,False,False,0,reduce_income
stacked,B0,stacked-41,0.01190476190476190476190476190,income=10,1,1,False,False,-1,reduce_income
stacked,B0,stacked-42,0.01190476190476190476190476190,income=10,5,1,False,False,-5,reduce_income
stacked,B0,stacked-43,0.01190476190476190476190476190,income=10,10,1,False,False,-10,reduce_income
stacked,B0,stacked-44,0.01190476190476190476190476190,income=10,0,1,True,True,7,reduce_income
stacked,B0,stacked-45,0.01190476190476190476190476190,income=10,1,1,True,True,6,reduce_income
stacked,B0,stacked-46,0.01190476190476190476190476190,income=10,5,1,True,True,2,reduce_income
stacked,B0,stacked-47,0.01190476190476190476190476190,income=11,10,1,False,False,-3,reduce_income
stacked,B0,stacked-48,0.01190476190476190476190476190,income=10,0,1,True,True,11,reduce_income
stacked,B0,stacked-49,0.01190476190476190476190476190,income=10,1,1,True,True,10,reduce_income
stacked,B0,stacked-50,0.01190476190476190476190476190,income=10,5,1,True,True,6,reduce_income
stacked,B0,stacked-51,0.01190476190476190476190476190,income=10,10,1,True,True,1,reduce_income
stacked,B0,stacked-52,0.01190476190476190476190476190,income=10,0,1,True,True,10,reduce_income
stacked,B0,stacked-53,0.01190476190476190476190476190,income=10,1,1,True,True,9,reduce_income
stacked,B0,stacked-54,0.01190476190476190476190476190,income=10,5,1,True,True,5,reduce_income
stacked,B0,stacked-55,0.01190476190476190476190476190,income=13,10,1,False,False,0,reduce_income
stacked,B0,stacked-56,0.01190476190476190476190476190,income=10,0,1,True,True,9,reduce_income
stacked,B0,stacked-57,0.01190476190476190476190476190,income=10,1,1,True,True,8,reduce_income
stacked,B0,stacked-58,0.01190476190476190476190476190,income=10,5,1,True,True,4,reduce_income
stacked,B0,stacked-59,0.01190476190476190476190476190,income=14,10,1,False,False,-1,reduce_income
stacked,B0,stacked-60,0.01190476190476190476190476190,income=10,0,1,True,True,8,reduce_income
stacked,B0,stacked-61,0.01190476190476190476190476190,income=10,1,1,True,True,7,reduce_income
stacked,B0,stacked-62,0.01190476190476190476190476190,income=10,5,1,True,True,3,reduce_income
stacked,B0,stacked-63,0.01190476190476190476190476190,income=15,10,1,False,False,-2,reduce_income
stacked,B0,stacked-64,0.01190476190476190476190476190,income=16,0,1,False,False,0,reduce_income
stacked,B0,stacked-65,0.01190476190476190476190476190,income=16,1,1,False,False,-1,reduce_income
stacked,B0,stacked-66,0.01190476190476190476190476190,income=16,5,1,False,False,-5,reduce_income
stacked,B0,stacked-67,0.01190476190476190476190476190,income=16,10,1,False,False,-10,reduce_income
stacked,B0,stacked-68,0.01190476190476190476190476190,income=17,0,1,False,False,0,reduce_income
stacked,B0,stacked-69,0.01190476190476190476190476190,income=17,1,1,False,False,-1,reduce_income
stacked,B0,stacked-70,0.01190476190476190476190476190,income=17,5,1,False,False,-5,reduce_income
stacked,B0,stacked-71,0.01190476190476190476190476190,income=17,10,1,False,False,-10,reduce_income
stacked,B0,stacked-72,0.01190476190476190476190476190,income=18,0,1,False,False,0,reduce_income
stacked,B0,stacked-73,0.01190476190476190476190476190,income=18,1,1,False,False,-1,reduce_income
stacked,B0,stacked-74,0.01190476190476190476190476190,income=18,5,1,False,False,-5,reduce_income
stacked,B0,stacked-75,0.01190476190476190476190476190,income=18,10,1,False,False,-10,reduce_income
stacked,B0,stacked-76,0.01190476190476190476190476190,income=19,0,1,False,False,0,reduce_income
stacked,B0,stacked-77,0.01190476190476190476190476190,income=19,1,1,False,False,-1,reduce_income
stacked,B0,stacked-78,0.01190476190476190476190476190,income=19,5,1,False,False,-5,reduce_income
stacked,B0,stacked-79,0.01190476190476190476190476190,income=19,10,1,False,False,-10,reduce_income
stacked,B0,stacked-80,0.01190476190476190476190476190,income=20,0,1,False,False,0,reduce_income
stacked,B0,stacked-81,0.01190476190476190476190476190,income=20,1,1,False,False,-1,reduce_income
stacked,B0,stacked-82,0.01190476190476190476190476190,income=20,5,1,False,False,-5,reduce_income
stacked,B0,stacked-83,0.01190476190476190476190476190,income=20,10,1,False,False,-10,reduce_income
stacked,B1,stacked-0,0.01190476190476190476190476190,income=0,0,1,False,False,0,reduce_income
stacked,B1,stacked-1,0.01190476190476190476190476190,income=0,1,1,False,False,-1,reduce_income
stacked,B1,stacked-2,0.01190476190476190476190476190,income=0,5,1,False,False,-5,reduce_income
stacked,B1,stacked-3,0.01190476190476190476190476190,income=0,10,1,False,False,-10,reduce_income
stacked,B1,stacked-4,0.01190476190476190476190476190,income=1,0,1,False,False,0,reduce_income
stacked,B1,stacked-5,0.01190476190476190476190476190,income=1,1,1,False,False,-1,reduce_income
stacked,B1,stacked-6,0.01190476190476190476190476190,income=1,5,1,False,False,-5,reduce_income
stacked,B1,stacked-7,0.01190476190476190476190476190,income=1,10,1,False,False,-10,reduce_income
stacked,B1,stacked-8,0.01190476190476190476190476190,income=2,0,1,False,False,0,reduce_income
stacked,B1,stacked-9,0.01190476190476190476190476190,income=2,1,1,False,False,-1,reduce_income
stacked,B1,stacked-10,0.01190476190476190476190476190,income=2,5,1,False,False,-5,reduce_income
stacked,B1,stacked-11,0.01190476190476190476190476190,income=2,10,1,False,False,-10,reduce_income
stacked,B1,stacked-12,0.01190476190476190476190476190,income=3,0,1,False,False,0,reduce_income
stacked,B1,stacked-13,0.01190476190476190476190476190,income=3,1,1,False,False,-1,reduce_income
stacked,B1,stacked-14,0.01190476190476190476190476190,income=3,5,1,False,False,-5,reduce_income
stacked,B1,stacked-15,0.01190476190476190476190476190,income=3,10,1,False,False,-10,reduce_income
stacked,B1,stacked-16,0.01190476190476190476190476190,income=4,0,1,False,False,0,reduce_income
stacked,B1,stacked-17,0.01190476190476190476190476190,income=4,1,1,False,False,-1,reduce_income
stacked,B1,stacked-18,0.01190476190476190476190476190,income=4,5,1,False,False,-5,reduce_income
stacked,B1,stacked-19,0.01190476190476190476190476190,income=4,10,1,False,False,-10,reduce_income
stacked,B1,stacked-20,0.01190476190476190476190476190,income=5,0,1,False,False,0,reduce_income
stacked,B1,stacked-21,0.01190476190476190476190476190,income=5,1,1,False,False,-1,reduce_income
stacked,B1,stacked-22,0.01190476190476190476190476190,income=5,5,1,False,False,-5,reduce_income
stacked,B1,stacked-23,0.01190476190476190476190476190,income=5,10,1,False,False,-10,reduce_income
stacked,B1,stacked-24,0.01190476190476190476190476190,income=6,0,1,False,False,0,reduce_income
stacked,B1,stacked-25,0.01190476190476190476190476190,income=6,1,1,False,False,-1,reduce_income
stacked,B1,stacked-26,0.01190476190476190476190476190,income=6,5,1,False,False,-5,reduce_income
stacked,B1,stacked-27,0.01190476190476190476190476190,income=6,10,1,False,False,-10,reduce_income
stacked,B1,stacked-28,0.01190476190476190476190476190,income=7,0,1,False,False,0,reduce_income
stacked,B1,stacked-29,0.01190476190476190476190476190,income=7,1,1,False,False,-1,reduce_income
stacked,B1,stacked-30,0.01190476190476190476190476190,income=7,5,1,False,False,-5,reduce_income
stacked,B1,stacked-31,0.01190476190476190476190476190,income=7,10,1,False,False,-10,reduce_income
stacked,B1,stacked-32,0.01190476190476190476190476190,income=8,0,1,False,False,0,reduce_income
stacked,B1,stacked-33,0.01190476190476190476190476190,income=8,1,1,False,False,-1,reduce_income
stacked,B1,stacked-34,0.01190476190476190476190476190,income=8,5,1,False,False,-5,reduce_income
stacked,B1,stacked-35,0.01190476190476190476190476190,income=8,10,1,False,False,-10,reduce_income
stacked,B1,stacked-36,0.01190476190476190476190476190,income=9,0,1,False,False,0,reduce_income
stacked,B1,stacked-37,0.01190476190476190476190476190,income=9,1,1,False,False,-1,reduce_income
stacked,B1,stacked-38,0.01190476190476190476190476190,income=9,5,1,False,False,-5,reduce_income
stacked,B1,stacked-39,0.01190476190476190476190476190,income=9,10,1,False,False,-10,reduce_income
stacked,B1,stacked-40,0.01190476190476190476190476190,income=10,0,1,False,False,0,reduce_income
stacked,B1,stacked-41,0.01190476190476190476190476190,income=10,1,1,False,False,-1,reduce_income
stacked,B1,stacked-42,0.01190476190476190476190476190,income=10,5,1,False,False,-5,reduce_income
stacked,B1,stacked-43,0.01190476190476190476190476190,income=10,10,1,False,False,-10,reduce_income
stacked,B1,stacked-44,0.01190476190476190476190476190,income=10,0,1,True,True,7,reduce_income
stacked,B1,stacked-45,0.01190476190476190476190476190,income=10,1,1,True,True,6,reduce_income
stacked,B1,stacked-46,0.01190476190476190476190476190,income=10,5,1,True,True,2,reduce_income
stacked,B1,stacked-47,0.01190476190476190476190476190,income=11,10,1,False,False,-3,reduce_income
stacked,B1,stacked-48,0.01190476190476190476190476190,income=10,0,1,True,True,11,reduce_income
stacked,B1,stacked-49,0.01190476190476190476190476190,income=10,1,1,True,True,10,reduce_income
stacked,B1,stacked-50,0.01190476190476190476190476190,income=10,5,1,True,True,6,reduce_income
stacked,B1,stacked-51,0.01190476190476190476190476190,income=10,10,1,True,True,1,reduce_income
stacked,B1,stacked-52,0.01190476190476190476190476190,income=11,0,1,True,True,3,reduce_income
stacked,B1,stacked-53,0.01190476190476190476190476190,income=11,1,1,True,True,2,reduce_income
stacked,B1,stacked-54,0.01190476190476190476190476190,income=13,5,1,False,False,-2,reduce_income
stacked,B1,stacked-55,0.01190476190476190476190476190,income=13,10,1,False,False,-7,reduce_income
stacked,B1,stacked-56,0.01190476190476190476190476190,income=14,0,1,False,False,0,reduce_income
stacked,B1,stacked-57,0.01190476190476190476190476190,income=14,1,1,False,False,-1,reduce_income
stacked,B1,stacked-58,0.01190476190476190476190476190,income=14,5,1,False,False,-5,reduce_income
stacked,B1,stacked-59,0.01190476190476190476190476190,income=14,10,1,False,False,-10,reduce_income
stacked,B1,stacked-60,0.01190476190476190476190476190,income=15,0,1,False,False,0,reduce_income
stacked,B1,stacked-61,0.01190476190476190476190476190,income=15,1,1,False,False,-1,reduce_income
stacked,B1,stacked-62,0.01190476190476190476190476190,income=15,5,1,False,False,-5,reduce_income
stacked,B1,stacked-63,0.01190476190476190476190476190,income=15,10,1,False,False,-10,reduce_income
stacked,B1,stacked-64,0.01190476190476190476190476190,income=16,0,1,False,False,0,reduce_income
stacked,B1,stacked-65,0.01190476190476190476190476190,income=16,1,1,False,False,-1,reduce_income
stacked,B1,stacked-66,0.01190476190476190476190476190,income=16,5,1,False,False,-5,reduce_income
stacked,B1,stacked-67,0.01190476190476190476190476190,income=16,10,1,False,False,-10,reduce_income
stacked,B1,stacked-68,0.01190476190476190476190476190,income=17,0,1,False,False,0,reduce_income
stacked,B1,stacked-69,0.01190476190476190476190476190,income=17,1,1,False,False,-1,reduce_income
stacked,B1,stacked-70,0.01190476190476190476190476190,income=17,5,1,False,False,-5,reduce_income
stacked,B1,stacked-71,0.01190476190476190476190476190,income=17,10,1,False,False,-10,reduce_income
stacked,B1,stacked-72,0.01190476190476190476190476190,income=18,0,1,False,False,0,reduce_income
stacked,B1,stacked-73,0.01190476190476190476190476190,income=18,1,1,False,False,-1,reduce_income
stacked,B1,stacked-74,0.01190476190476190476190476190,income=18,5,1,False,False,-5,reduce_income
stacked,B1,stacked-75,0.01190476190476190476190476190,income=18,10,1,False,False,-10,reduce_income
stacked,B1,stacked-76,0.01190476190476190476190476190,income=19,0,1,False,False,0,reduce_income
stacked,B1,stacked-77,0.01190476190476190476190476190,income=19,1,1,False,False,-1,reduce_income
stacked,B1,stacked-78,0.01190476190476190476190476190,income=19,5,1,False,False,-5,reduce_income
stacked,B1,stacked-79,0.01190476190476190476190476190,income=19,10,1,False,False,-10,reduce_income
stacked,B1,stacked-80,0.01190476190476190476190476190,income=20,0,1,False,False,0,reduce_income
stacked,B1,stacked-81,0.01190476190476190476190476190,income=20,1,1,False,False,-1,reduce_income
stacked,B1,stacked-82,0.01190476190476190476190476190,income=20,5,1,False,False,-5,reduce_income
stacked,B1,stacked-83,0.01190476190476190476190476190,income=20,10,1,False,False,-10,reduce_income
stacked,B2,stacked-0,0.01190476190476190476190476190,income=0,0,1,False,False,0,reduce_income
stacked,B2,stacked-1,0.01190476190476190476190476190,income=0,1,1,False,False,-1,reduce_income
stacked,B2,stacked-2,0.01190476190476190476190476190,income=0,5,1,False,False,-5,reduce_income
stacked,B2,stacked-3,0.01190476190476190476190476190,income=0,10,1,False,False,-10,reduce_income
stacked,B2,stacked-4,0.01190476190476190476190476190,income=1,0,1,False,False,0,reduce_income
stacked,B2,stacked-5,0.01190476190476190476190476190,income=1,1,1,False,False,-1,reduce_income
stacked,B2,stacked-6,0.01190476190476190476190476190,income=1,5,1,False,False,-5,reduce_income
stacked,B2,stacked-7,0.01190476190476190476190476190,income=1,10,1,False,False,-10,reduce_income
stacked,B2,stacked-8,0.01190476190476190476190476190,income=2,0,1,False,False,0,reduce_income
stacked,B2,stacked-9,0.01190476190476190476190476190,income=2,1,1,False,False,-1,reduce_income
stacked,B2,stacked-10,0.01190476190476190476190476190,income=2,5,1,False,False,-5,reduce_income
stacked,B2,stacked-11,0.01190476190476190476190476190,income=2,10,1,False,False,-10,reduce_income
stacked,B2,stacked-12,0.01190476190476190476190476190,income=3,0,1,False,False,0,reduce_income
stacked,B2,stacked-13,0.01190476190476190476190476190,income=3,1,1,False,False,-1,reduce_income
stacked,B2,stacked-14,0.01190476190476190476190476190,income=3,5,1,False,False,-5,reduce_income
stacked,B2,stacked-15,0.01190476190476190476190476190,income=3,10,1,False,False,-10,reduce_income
stacked,B2,stacked-16,0.01190476190476190476190476190,income=4,0,1,False,False,0,reduce_income
stacked,B2,stacked-17,0.01190476190476190476190476190,income=4,1,1,False,False,-1,reduce_income
stacked,B2,stacked-18,0.01190476190476190476190476190,income=4,5,1,False,False,-5,reduce_income
stacked,B2,stacked-19,0.01190476190476190476190476190,income=4,10,1,False,False,-10,reduce_income
stacked,B2,stacked-20,0.01190476190476190476190476190,income=5,0,1,False,False,0,reduce_income
stacked,B2,stacked-21,0.01190476190476190476190476190,income=5,1,1,False,False,-1,reduce_income
stacked,B2,stacked-22,0.01190476190476190476190476190,income=5,5,1,False,False,-5,reduce_income
stacked,B2,stacked-23,0.01190476190476190476190476190,income=5,10,1,False,False,-10,reduce_income
stacked,B2,stacked-24,0.01190476190476190476190476190,income=6,0,1,False,False,0,reduce_income
stacked,B2,stacked-25,0.01190476190476190476190476190,income=6,1,1,False,False,-1,reduce_income
stacked,B2,stacked-26,0.01190476190476190476190476190,income=6,5,1,False,False,-5,reduce_income
stacked,B2,stacked-27,0.01190476190476190476190476190,income=6,10,1,False,False,-10,reduce_income
stacked,B2,stacked-28,0.01190476190476190476190476190,income=7,0,1,False,False,0,reduce_income
stacked,B2,stacked-29,0.01190476190476190476190476190,income=7,1,1,False,False,-1,reduce_income
stacked,B2,stacked-30,0.01190476190476190476190476190,income=7,5,1,False,False,-5,reduce_income
stacked,B2,stacked-31,0.01190476190476190476190476190,income=7,10,1,False,False,-10,reduce_income
stacked,B2,stacked-32,0.01190476190476190476190476190,income=8,0,1,False,False,0,reduce_income
stacked,B2,stacked-33,0.01190476190476190476190476190,income=8,1,1,False,False,-1,reduce_income
stacked,B2,stacked-34,0.01190476190476190476190476190,income=8,5,1,False,False,-5,reduce_income
stacked,B2,stacked-35,0.01190476190476190476190476190,income=8,10,1,False,False,-10,reduce_income
stacked,B2,stacked-36,0.01190476190476190476190476190,income=9,0,1,False,False,0,reduce_income
stacked,B2,stacked-37,0.01190476190476190476190476190,income=9,1,1,False,False,-1,reduce_income
stacked,B2,stacked-38,0.01190476190476190476190476190,income=9,5,1,False,False,-5,reduce_income
stacked,B2,stacked-39,0.01190476190476190476190476190,income=9,10,1,False,False,-10,reduce_income
stacked,B2,stacked-40,0.01190476190476190476190476190,income=10,0,1,False,False,0,reduce_income
stacked,B2,stacked-41,0.01190476190476190476190476190,income=10,1,1,False,False,-1,reduce_income
stacked,B2,stacked-42,0.01190476190476190476190476190,income=10,5,1,False,False,-5,reduce_income
stacked,B2,stacked-43,0.01190476190476190476190476190,income=10,10,1,False,False,-10,reduce_income
stacked,B2,stacked-44,0.01190476190476190476190476190,income=11,0,1,True,False,7,reduce_income
stacked,B2,stacked-45,0.01190476190476190476190476190,income=11,1,1,True,False,6,reduce_income
stacked,B2,stacked-46,0.01190476190476190476190476190,income=11,5,1,True,False,2,reduce_income
stacked,B2,stacked-47,0.01190476190476190476190476190,income=11,10,1,False,False,-3,reduce_income
stacked,B2,stacked-48,0.01190476190476190476190476190,income=12,0,1,True,False,11,reduce_income
stacked,B2,stacked-49,0.01190476190476190476190476190,income=12,1,1,True,False,10,reduce_income
stacked,B2,stacked-50,0.01190476190476190476190476190,income=12,5,1,True,False,6,reduce_income
stacked,B2,stacked-51,0.01190476190476190476190476190,income=12,10,1,True,False,1,reduce_income
stacked,B2,stacked-52,0.01190476190476190476190476190,income=13,0,1,True,False,10,reduce_income
stacked,B2,stacked-53,0.01190476190476190476190476190,income=13,1,1,True,False,9,reduce_income
stacked,B2,stacked-54,0.01190476190476190476190476190,income=13,5,1,True,False,5,reduce_income
stacked,B2,stacked-55,0.01190476190476190476190476190,income=13,10,1,False,False,0,reduce_income
stacked,B2,stacked-56,0.01190476190476190476190476190,income=14,0,1,True,False,9,reduce_income
stacked,B2,stacked-57,0.01190476190476190476190476190,income=14,1,1,True,False,8,reduce_income
stacked,B2,stacked-58,0.01190476190476190476190476190,income=14,5,1,True,False,4,reduce_income
stacked,B2,stacked-59,0.01190476190476190476190476190,income=14,10,1,False,False,-1,reduce_income
stacked,B2,stacked-60,0.01190476190476190476190476190,income=15,0,1,True,False,8,reduce_income
stacked,B2,stacked-61,0.01190476190476190476190476190,income=15,1,1,True,False,7,reduce_income
stacked,B2,stacked-62,0.01190476190476190476190476190,income=15,5,1,True,False,3,reduce_income
stacked,B2,stacked-63,0.01190476190476190476190476190,income=15,10,1,False,False,-2,reduce_income
stacked,B2,stacked-64,0.01190476190476190476190476190,income=16,0,1,False,False,0,reduce_income
stacked,B2,stacked-65,0.01190476190476190476190476190,income=16,1,1,False,False,-1,reduce_income
stacked,B2,stacked-66,0.01190476190476190476190476190,income=16,5,1,False,False,-5,reduce_income
stacked,B2,stacked-67,0.01190476190476190476190476190,income=16,10,1,False,False,-10,reduce_income
stacked,B2,stacked-68,0.01190476190476190476190476190,income=17,0,1,False,False,0,reduce_income
stacked,B2,stacked-69,0.01190476190476190476190476190,income=17,1,1,False,False,-1,reduce_income
stacked,B2,stacked-70,0.01190476190476190476190476190,income=17,5,1,False,False,-5,reduce_income
stacked,B2,stacked-71,0.01190476190476190476190476190,income=17,10,1,False,False,-10,reduce_income
stacked,B2,stacked-72,0.01190476190476190476190476190,income=18,0,1,False,False,0,reduce_income
stacked,B2,stacked-73,0.01190476190476190476190476190,income=18,1,1,False,False,-1,reduce_income
stacked,B2,stacked-74,0.01190476190476190476190476190,income=18,5,1,False,False,-5,reduce_income
stacked,B2,stacked-75,0.01190476190476190476190476190,income=18,10,1,False,False,-10,reduce_income
stacked,B2,stacked-76,0.01190476190476190476190476190,income=19,0,1,False,False,0,reduce_income
stacked,B2,stacked-77,0.01190476190476190476190476190,income=19,1,1,False,False,-1,reduce_income
stacked,B2,stacked-78,0.01190476190476190476190476190,income=19,5,1,False,False,-5,reduce_income
stacked,B2,stacked-79,0.01190476190476190476190476190,income=19,10,1,False,False,-10,reduce_income
stacked,B2,stacked-80,0.01190476190476190476190476190,income=20,0,1,False,False,0,reduce_income
stacked,B2,stacked-81,0.01190476190476190476190476190,income=20,1,1,False,False,-1,reduce_income
stacked,B2,stacked-82,0.01190476190476190476190476190,income=20,5,1,False,False,-5,reduce_income
stacked,B2,stacked-83,0.01190476190476190476190476190,income=20,10,1,False,False,-10,reduce_income
procurement,B0,procurement-0,0.01818181818181818181818181818,transaction_value=95,0,1,False,False,0,reduce_scope
procurement,B0,procurement-1,0.01818181818181818181818181818,transaction_value=95,1,1,False,False,-1,reduce_scope
procurement,B0,procurement-2,0.01818181818181818181818181818,transaction_value=95,5,1,False,False,-5,reduce_scope
procurement,B0,procurement-3,0.01818181818181818181818181818,transaction_value=95,10,1,False,False,-10,reduce_scope
procurement,B0,procurement-4,0.01818181818181818181818181818,transaction_value=95,20,1,False,False,-20,reduce_scope
procurement,B0,procurement-5,0.01818181818181818181818181818,transaction_value=96,0,1,False,False,0,reduce_scope
procurement,B0,procurement-6,0.01818181818181818181818181818,transaction_value=96,1,1,False,False,-1,reduce_scope
procurement,B0,procurement-7,0.01818181818181818181818181818,transaction_value=96,5,1,False,False,-5,reduce_scope
procurement,B0,procurement-8,0.01818181818181818181818181818,transaction_value=96,10,1,False,False,-10,reduce_scope
procurement,B0,procurement-9,0.01818181818181818181818181818,transaction_value=96,20,1,False,False,-20,reduce_scope
procurement,B0,procurement-10,0.01818181818181818181818181818,transaction_value=97,0,1,False,False,0,reduce_scope
procurement,B0,procurement-11,0.01818181818181818181818181818,transaction_value=97,1,1,False,False,-1,reduce_scope
procurement,B0,procurement-12,0.01818181818181818181818181818,transaction_value=97,5,1,False,False,-5,reduce_scope
procurement,B0,procurement-13,0.01818181818181818181818181818,transaction_value=97,10,1,False,False,-10,reduce_scope
procurement,B0,procurement-14,0.01818181818181818181818181818,transaction_value=97,20,1,False,False,-20,reduce_scope
procurement,B0,procurement-15,0.01818181818181818181818181818,transaction_value=98,0,1,False,False,0,reduce_scope
procurement,B0,procurement-16,0.01818181818181818181818181818,transaction_value=98,1,1,False,False,-1,reduce_scope
procurement,B0,procurement-17,0.01818181818181818181818181818,transaction_value=98,5,1,False,False,-5,reduce_scope
procurement,B0,procurement-18,0.01818181818181818181818181818,transaction_value=98,10,1,False,False,-10,reduce_scope
procurement,B0,procurement-19,0.01818181818181818181818181818,transaction_value=98,20,1,False,False,-20,reduce_scope
procurement,B0,procurement-20,0.01818181818181818181818181818,transaction_value=99,0,1,False,False,0,reduce_scope
procurement,B0,procurement-21,0.01818181818181818181818181818,transaction_value=99,1,1,False,False,-1,reduce_scope
procurement,B0,procurement-22,0.01818181818181818181818181818,transaction_value=99,5,1,False,False,-5,reduce_scope
procurement,B0,procurement-23,0.01818181818181818181818181818,transaction_value=99,10,1,False,False,-10,reduce_scope
procurement,B0,procurement-24,0.01818181818181818181818181818,transaction_value=99,20,1,False,False,-20,reduce_scope
procurement,B0,procurement-25,0.01818181818181818181818181818,transaction_value=99,0,1,True,True,18,reduce_scope
procurement,B0,procurement-26,0.01818181818181818181818181818,transaction_value=99,1,1,True,True,17,reduce_scope
procurement,B0,procurement-27,0.01818181818181818181818181818,transaction_value=99,5,1,True,True,13,reduce_scope
procurement,B0,procurement-28,0.01818181818181818181818181818,transaction_value=99,10,1,True,True,8,reduce_scope
procurement,B0,procurement-29,0.01818181818181818181818181818,transaction_value=100,20,1,False,False,-2,reduce_scope
procurement,B0,procurement-30,0.01818181818181818181818181818,transaction_value=99,0,1,True,True,16,reduce_scope
procurement,B0,procurement-31,0.01818181818181818181818181818,transaction_value=99,1,1,True,True,15,reduce_scope
procurement,B0,procurement-32,0.01818181818181818181818181818,transaction_value=99,5,1,True,True,11,reduce_scope
procurement,B0,procurement-33,0.01818181818181818181818181818,transaction_value=99,10,1,True,True,6,reduce_scope
procurement,B0,procurement-34,0.01818181818181818181818181818,transaction_value=101,20,1,False,False,-4,reduce_scope
procurement,B0,procurement-35,0.01818181818181818181818181818,transaction_value=99,0,1,True,True,14,reduce_scope
procurement,B0,procurement-36,0.01818181818181818181818181818,transaction_value=99,1,1,True,True,13,reduce_scope
procurement,B0,procurement-37,0.01818181818181818181818181818,transaction_value=99,5,1,True,True,9,reduce_scope
procurement,B0,procurement-38,0.01818181818181818181818181818,transaction_value=99,10,1,True,True,4,reduce_scope
procurement,B0,procurement-39,0.01818181818181818181818181818,transaction_value=102,20,1,False,False,-6,reduce_scope
procurement,B0,procurement-40,0.01818181818181818181818181818,transaction_value=99,0,1,True,True,12,reduce_scope
procurement,B0,procurement-41,0.01818181818181818181818181818,transaction_value=99,1,1,True,True,11,reduce_scope
procurement,B0,procurement-42,0.01818181818181818181818181818,transaction_value=99,5,1,True,True,7,reduce_scope
procurement,B0,procurement-43,0.01818181818181818181818181818,transaction_value=99,10,1,True,True,2,reduce_scope
procurement,B0,procurement-44,0.01818181818181818181818181818,transaction_value=103,20,1,False,False,-8,reduce_scope
procurement,B0,procurement-45,0.01818181818181818181818181818,transaction_value=99,0,1,True,True,10,reduce_scope
procurement,B0,procurement-46,0.01818181818181818181818181818,transaction_value=99,1,1,True,True,9,reduce_scope
procurement,B0,procurement-47,0.01818181818181818181818181818,transaction_value=99,5,1,True,True,5,reduce_scope
procurement,B0,procurement-48,0.01818181818181818181818181818,transaction_value=104,10,1,False,False,0,reduce_scope
procurement,B0,procurement-49,0.01818181818181818181818181818,transaction_value=104,20,1,False,False,-10,reduce_scope
procurement,B0,procurement-50,0.01818181818181818181818181818,transaction_value=99,0,1,True,True,8,reduce_scope
procurement,B0,procurement-51,0.01818181818181818181818181818,transaction_value=99,1,1,True,True,7,reduce_scope
procurement,B0,procurement-52,0.01818181818181818181818181818,transaction_value=99,5,1,True,True,3,reduce_scope
procurement,B0,procurement-53,0.01818181818181818181818181818,transaction_value=105,10,1,False,False,-2,reduce_scope
procurement,B0,procurement-54,0.01818181818181818181818181818,transaction_value=105,20,1,False,False,-12,reduce_scope
procurement,B1,procurement-0,0.01818181818181818181818181818,transaction_value=95,0,1,False,False,0,reduce_scope
procurement,B1,procurement-1,0.01818181818181818181818181818,transaction_value=95,1,1,False,False,-1,reduce_scope
procurement,B1,procurement-2,0.01818181818181818181818181818,transaction_value=95,5,1,False,False,-5,reduce_scope
procurement,B1,procurement-3,0.01818181818181818181818181818,transaction_value=95,10,1,False,False,-10,reduce_scope
procurement,B1,procurement-4,0.01818181818181818181818181818,transaction_value=95,20,1,False,False,-20,reduce_scope
procurement,B1,procurement-5,0.01818181818181818181818181818,transaction_value=96,0,1,False,False,0,reduce_scope
procurement,B1,procurement-6,0.01818181818181818181818181818,transaction_value=96,1,1,False,False,-1,reduce_scope
procurement,B1,procurement-7,0.01818181818181818181818181818,transaction_value=96,5,1,False,False,-5,reduce_scope
procurement,B1,procurement-8,0.01818181818181818181818181818,transaction_value=96,10,1,False,False,-10,reduce_scope
procurement,B1,procurement-9,0.01818181818181818181818181818,transaction_value=96,20,1,False,False,-20,reduce_scope
procurement,B1,procurement-10,0.01818181818181818181818181818,transaction_value=97,0,1,False,False,0,reduce_scope
procurement,B1,procurement-11,0.01818181818181818181818181818,transaction_value=97,1,1,False,False,-1,reduce_scope
procurement,B1,procurement-12,0.01818181818181818181818181818,transaction_value=97,5,1,False,False,-5,reduce_scope
procurement,B1,procurement-13,0.01818181818181818181818181818,transaction_value=97,10,1,False,False,-10,reduce_scope
procurement,B1,procurement-14,0.01818181818181818181818181818,transaction_value=97,20,1,False,False,-20,reduce_scope
procurement,B1,procurement-15,0.01818181818181818181818181818,transaction_value=98,0,1,False,False,0,reduce_scope
procurement,B1,procurement-16,0.01818181818181818181818181818,transaction_value=98,1,1,False,False,-1,reduce_scope
procurement,B1,procurement-17,0.01818181818181818181818181818,transaction_value=98,5,1,False,False,-5,reduce_scope
procurement,B1,procurement-18,0.01818181818181818181818181818,transaction_value=98,10,1,False,False,-10,reduce_scope
procurement,B1,procurement-19,0.01818181818181818181818181818,transaction_value=98,20,1,False,False,-20,reduce_scope
procurement,B1,procurement-20,0.01818181818181818181818181818,transaction_value=99,0,1,False,False,0,reduce_scope
procurement,B1,procurement-21,0.01818181818181818181818181818,transaction_value=99,1,1,False,False,-1,reduce_scope
procurement,B1,procurement-22,0.01818181818181818181818181818,transaction_value=99,5,1,False,False,-5,reduce_scope
procurement,B1,procurement-23,0.01818181818181818181818181818,transaction_value=99,10,1,False,False,-10,reduce_scope
procurement,B1,procurement-24,0.01818181818181818181818181818,transaction_value=99,20,1,False,False,-20,reduce_scope
procurement,B1,procurement-25,0.01818181818181818181818181818,transaction_value=99,0,1,True,True,18,reduce_scope
procurement,B1,procurement-26,0.01818181818181818181818181818,transaction_value=99,1,1,True,True,17,reduce_scope
procurement,B1,procurement-27,0.01818181818181818181818181818,transaction_value=99,5,1,True,True,13,reduce_scope
procurement,B1,procurement-28,0.01818181818181818181818181818,transaction_value=99,10,1,True,True,8,reduce_scope
procurement,B1,procurement-29,0.01818181818181818181818181818,transaction_value=100,20,1,False,False,-2,reduce_scope
procurement,B1,procurement-30,0.01818181818181818181818181818,transaction_value=99,0,1,True,True,16,reduce_scope
procurement,B1,procurement-31,0.01818181818181818181818181818,transaction_value=99,1,1,True,True,15,reduce_scope
procurement,B1,procurement-32,0.01818181818181818181818181818,transaction_value=99,5,1,True,True,11,reduce_scope
procurement,B1,procurement-33,0.01818181818181818181818181818,transaction_value=99,10,1,True,True,6,reduce_scope
procurement,B1,procurement-34,0.01818181818181818181818181818,transaction_value=101,20,1,False,False,-4,reduce_scope
procurement,B1,procurement-35,0.01818181818181818181818181818,transaction_value=102,0,1,False,False,0,reduce_scope
procurement,B1,procurement-36,0.01818181818181818181818181818,transaction_value=102,1,1,False,False,-1,reduce_scope
procurement,B1,procurement-37,0.01818181818181818181818181818,transaction_value=102,5,1,False,False,-5,reduce_scope
procurement,B1,procurement-38,0.01818181818181818181818181818,transaction_value=102,10,1,False,False,-10,reduce_scope
procurement,B1,procurement-39,0.01818181818181818181818181818,transaction_value=102,20,1,False,False,-20,reduce_scope
procurement,B1,procurement-40,0.01818181818181818181818181818,transaction_value=103,0,1,False,False,0,reduce_scope
procurement,B1,procurement-41,0.01818181818181818181818181818,transaction_value=103,1,1,False,False,-1,reduce_scope
procurement,B1,procurement-42,0.01818181818181818181818181818,transaction_value=103,5,1,False,False,-5,reduce_scope
procurement,B1,procurement-43,0.01818181818181818181818181818,transaction_value=103,10,1,False,False,-10,reduce_scope
procurement,B1,procurement-44,0.01818181818181818181818181818,transaction_value=103,20,1,False,False,-20,reduce_scope
procurement,B1,procurement-45,0.01818181818181818181818181818,transaction_value=104,0,1,False,False,0,reduce_scope
procurement,B1,procurement-46,0.01818181818181818181818181818,transaction_value=104,1,1,False,False,-1,reduce_scope
procurement,B1,procurement-47,0.01818181818181818181818181818,transaction_value=104,5,1,False,False,-5,reduce_scope
procurement,B1,procurement-48,0.01818181818181818181818181818,transaction_value=104,10,1,False,False,-10,reduce_scope
procurement,B1,procurement-49,0.01818181818181818181818181818,transaction_value=104,20,1,False,False,-20,reduce_scope
procurement,B1,procurement-50,0.01818181818181818181818181818,transaction_value=105,0,1,False,False,0,reduce_scope
procurement,B1,procurement-51,0.01818181818181818181818181818,transaction_value=105,1,1,False,False,-1,reduce_scope
procurement,B1,procurement-52,0.01818181818181818181818181818,transaction_value=105,5,1,False,False,-5,reduce_scope
procurement,B1,procurement-53,0.01818181818181818181818181818,transaction_value=105,10,1,False,False,-10,reduce_scope
procurement,B1,procurement-54,0.01818181818181818181818181818,transaction_value=105,20,1,False,False,-20,reduce_scope
procurement,B2,procurement-0,0.01818181818181818181818181818,transaction_value=95,0,1,False,False,0,reduce_scope
procurement,B2,procurement-1,0.01818181818181818181818181818,transaction_value=95,1,1,False,False,-1,reduce_scope
procurement,B2,procurement-2,0.01818181818181818181818181818,transaction_value=95,5,1,False,False,-5,reduce_scope
procurement,B2,procurement-3,0.01818181818181818181818181818,transaction_value=95,10,1,False,False,-10,reduce_scope
procurement,B2,procurement-4,0.01818181818181818181818181818,transaction_value=95,20,1,False,False,-20,reduce_scope
procurement,B2,procurement-5,0.01818181818181818181818181818,transaction_value=96,0,1,False,False,0,reduce_scope
procurement,B2,procurement-6,0.01818181818181818181818181818,transaction_value=96,1,1,False,False,-1,reduce_scope
procurement,B2,procurement-7,0.01818181818181818181818181818,transaction_value=96,5,1,False,False,-5,reduce_scope
procurement,B2,procurement-8,0.01818181818181818181818181818,transaction_value=96,10,1,False,False,-10,reduce_scope
procurement,B2,procurement-9,0.01818181818181818181818181818,transaction_value=96,20,1,False,False,-20,reduce_scope
procurement,B2,procurement-10,0.01818181818181818181818181818,transaction_value=97,0,1,False,False,0,reduce_scope
procurement,B2,procurement-11,0.01818181818181818181818181818,transaction_value=97,1,1,False,False,-1,reduce_scope
procurement,B2,procurement-12,0.01818181818181818181818181818,transaction_value=97,5,1,False,False,-5,reduce_scope
procurement,B2,procurement-13,0.01818181818181818181818181818,transaction_value=97,10,1,False,False,-10,reduce_scope
procurement,B2,procurement-14,0.01818181818181818181818181818,transaction_value=97,20,1,False,False,-20,reduce_scope
procurement,B2,procurement-15,0.01818181818181818181818181818,transaction_value=98,0,1,False,False,0,reduce_scope
procurement,B2,procurement-16,0.01818181818181818181818181818,transaction_value=98,1,1,False,False,-1,reduce_scope
procurement,B2,procurement-17,0.01818181818181818181818181818,transaction_value=98,5,1,False,False,-5,reduce_scope
procurement,B2,procurement-18,0.01818181818181818181818181818,transaction_value=98,10,1,False,False,-10,reduce_scope
procurement,B2,procurement-19,0.01818181818181818181818181818,transaction_value=98,20,1,False,False,-20,reduce_scope
procurement,B2,procurement-20,0.01818181818181818181818181818,transaction_value=99,0,1,False,False,0,reduce_scope
procurement,B2,procurement-21,0.01818181818181818181818181818,transaction_value=99,1,1,False,False,-1,reduce_scope
procurement,B2,procurement-22,0.01818181818181818181818181818,transaction_value=99,5,1,False,False,-5,reduce_scope
procurement,B2,procurement-23,0.01818181818181818181818181818,transaction_value=99,10,1,False,False,-10,reduce_scope
procurement,B2,procurement-24,0.01818181818181818181818181818,transaction_value=99,20,1,False,False,-20,reduce_scope
procurement,B2,procurement-25,0.01818181818181818181818181818,transaction_value=100,0,1,True,False,18,reduce_scope
procurement,B2,procurement-26,0.01818181818181818181818181818,transaction_value=100,1,1,True,False,17,reduce_scope
procurement,B2,procurement-27,0.01818181818181818181818181818,transaction_value=100,5,1,True,False,13,reduce_scope
procurement,B2,procurement-28,0.01818181818181818181818181818,transaction_value=100,10,1,True,False,8,reduce_scope
procurement,B2,procurement-29,0.01818181818181818181818181818,transaction_value=100,20,1,False,False,-2,reduce_scope
procurement,B2,procurement-30,0.01818181818181818181818181818,transaction_value=101,0,1,True,False,16,reduce_scope
procurement,B2,procurement-31,0.01818181818181818181818181818,transaction_value=101,1,1,True,False,15,reduce_scope
procurement,B2,procurement-32,0.01818181818181818181818181818,transaction_value=101,5,1,True,False,11,reduce_scope
procurement,B2,procurement-33,0.01818181818181818181818181818,transaction_value=101,10,1,True,False,6,reduce_scope
procurement,B2,procurement-34,0.01818181818181818181818181818,transaction_value=101,20,1,False,False,-4,reduce_scope
procurement,B2,procurement-35,0.01818181818181818181818181818,transaction_value=102,0,1,True,False,14,reduce_scope
procurement,B2,procurement-36,0.01818181818181818181818181818,transaction_value=102,1,1,True,False,13,reduce_scope
procurement,B2,procurement-37,0.01818181818181818181818181818,transaction_value=102,5,1,True,False,9,reduce_scope
procurement,B2,procurement-38,0.01818181818181818181818181818,transaction_value=102,10,1,True,False,4,reduce_scope
procurement,B2,procurement-39,0.01818181818181818181818181818,transaction_value=102,20,1,False,False,-6,reduce_scope
procurement,B2,procurement-40,0.01818181818181818181818181818,transaction_value=103,0,1,True,False,12,reduce_scope
procurement,B2,procurement-41,0.01818181818181818181818181818,transaction_value=103,1,1,True,False,11,reduce_scope
procurement,B2,procurement-42,0.01818181818181818181818181818,transaction_value=103,5,1,True,False,7,reduce_scope
procurement,B2,procurement-43,0.01818181818181818181818181818,transaction_value=103,10,1,True,False,2,reduce_scope
procurement,B2,procurement-44,0.01818181818181818181818181818,transaction_value=103,20,1,False,False,-8,reduce_scope
procurement,B2,procurement-45,0.01818181818181818181818181818,transaction_value=104,0,1,True,False,10,reduce_scope
procurement,B2,procurement-46,0.01818181818181818181818181818,transaction_value=104,1,1,True,False,9,reduce_scope
procurement,B2,procurement-47,0.01818181818181818181818181818,transaction_value=104,5,1,True,False,5,reduce_scope
procurement,B2,procurement-48,0.01818181818181818181818181818,transaction_value=104,10,1,False,False,0,reduce_scope
procurement,B2,procurement-49,0.01818181818181818181818181818,transaction_value=104,20,1,False,False,-10,reduce_scope
procurement,B2,procurement-50,0.01818181818181818181818181818,transaction_value=105,0,1,True,False,8,reduce_scope
procurement,B2,procurement-51,0.01818181818181818181818181818,transaction_value=105,1,1,True,False,7,reduce_scope
procurement,B2,procurement-52,0.01818181818181818181818181818,transaction_value=105,5,1,True,False,3,reduce_scope
procurement,B2,procurement-53,0.01818181818181818181818181818,transaction_value=105,10,1,False,False,-2,reduce_scope
procurement,B2,procurement-54,0.01818181818181818181818181818,transaction_value=105,20,1,False,False,-12,reduce_scope
honest,B0,honest-0,0.01190476190476190476190476190,true_income=0;reported_income=0,0,1,False,False,0,misreport
honest,B0,honest-1,0.01190476190476190476190476190,true_income=0;reported_income=0,1,1,False,False,-1,misreport
honest,B0,honest-2,0.01190476190476190476190476190,true_income=0;reported_income=0,5,1,False,False,-5,misreport
honest,B0,honest-3,0.01190476190476190476190476190,true_income=0;reported_income=0,10,1,False,False,-10,misreport
honest,B0,honest-4,0.01190476190476190476190476190,true_income=1;reported_income=1,0,1,False,False,0,misreport
honest,B0,honest-5,0.01190476190476190476190476190,true_income=1;reported_income=1,1,1,False,False,-1,misreport
honest,B0,honest-6,0.01190476190476190476190476190,true_income=1;reported_income=1,5,1,False,False,-5,misreport
honest,B0,honest-7,0.01190476190476190476190476190,true_income=1;reported_income=1,10,1,False,False,-10,misreport
honest,B0,honest-8,0.01190476190476190476190476190,true_income=2;reported_income=2,0,1,False,False,0,misreport
honest,B0,honest-9,0.01190476190476190476190476190,true_income=2;reported_income=2,1,1,False,False,-1,misreport
honest,B0,honest-10,0.01190476190476190476190476190,true_income=2;reported_income=2,5,1,False,False,-5,misreport
honest,B0,honest-11,0.01190476190476190476190476190,true_income=2;reported_income=2,10,1,False,False,-10,misreport
honest,B0,honest-12,0.01190476190476190476190476190,true_income=3;reported_income=3,0,1,False,False,0,misreport
honest,B0,honest-13,0.01190476190476190476190476190,true_income=3;reported_income=3,1,1,False,False,-1,misreport
honest,B0,honest-14,0.01190476190476190476190476190,true_income=3;reported_income=3,5,1,False,False,-5,misreport
honest,B0,honest-15,0.01190476190476190476190476190,true_income=3;reported_income=3,10,1,False,False,-10,misreport
honest,B0,honest-16,0.01190476190476190476190476190,true_income=4;reported_income=4,0,1,False,False,0,misreport
honest,B0,honest-17,0.01190476190476190476190476190,true_income=4;reported_income=4,1,1,False,False,-1,misreport
honest,B0,honest-18,0.01190476190476190476190476190,true_income=4;reported_income=4,5,1,False,False,-5,misreport
honest,B0,honest-19,0.01190476190476190476190476190,true_income=4;reported_income=4,10,1,False,False,-10,misreport
honest,B0,honest-20,0.01190476190476190476190476190,true_income=5;reported_income=5,0,1,False,False,0,misreport
honest,B0,honest-21,0.01190476190476190476190476190,true_income=5;reported_income=5,1,1,False,False,-1,misreport
honest,B0,honest-22,0.01190476190476190476190476190,true_income=5;reported_income=5,5,1,False,False,-5,misreport
honest,B0,honest-23,0.01190476190476190476190476190,true_income=5;reported_income=5,10,1,False,False,-10,misreport
honest,B0,honest-24,0.01190476190476190476190476190,true_income=6;reported_income=6,0,1,False,False,0,misreport
honest,B0,honest-25,0.01190476190476190476190476190,true_income=6;reported_income=6,1,1,False,False,-1,misreport
honest,B0,honest-26,0.01190476190476190476190476190,true_income=6;reported_income=6,5,1,False,False,-5,misreport
honest,B0,honest-27,0.01190476190476190476190476190,true_income=6;reported_income=6,10,1,False,False,-10,misreport
honest,B0,honest-28,0.01190476190476190476190476190,true_income=7;reported_income=7,0,1,False,False,0,misreport
honest,B0,honest-29,0.01190476190476190476190476190,true_income=7;reported_income=7,1,1,False,False,-1,misreport
honest,B0,honest-30,0.01190476190476190476190476190,true_income=7;reported_income=7,5,1,False,False,-5,misreport
honest,B0,honest-31,0.01190476190476190476190476190,true_income=7;reported_income=7,10,1,False,False,-10,misreport
honest,B0,honest-32,0.01190476190476190476190476190,true_income=8;reported_income=8,0,1,False,False,0,misreport
honest,B0,honest-33,0.01190476190476190476190476190,true_income=8;reported_income=8,1,1,False,False,-1,misreport
honest,B0,honest-34,0.01190476190476190476190476190,true_income=8;reported_income=8,5,1,False,False,-5,misreport
honest,B0,honest-35,0.01190476190476190476190476190,true_income=8;reported_income=8,10,1,False,False,-10,misreport
honest,B0,honest-36,0.01190476190476190476190476190,true_income=9;reported_income=9,0,1,False,False,0,misreport
honest,B0,honest-37,0.01190476190476190476190476190,true_income=9;reported_income=9,1,1,False,False,-1,misreport
honest,B0,honest-38,0.01190476190476190476190476190,true_income=9;reported_income=9,5,1,False,False,-5,misreport
honest,B0,honest-39,0.01190476190476190476190476190,true_income=9;reported_income=9,10,1,False,False,-10,misreport
honest,B0,honest-40,0.01190476190476190476190476190,true_income=10;reported_income=10,0,1,False,False,0,misreport
honest,B0,honest-41,0.01190476190476190476190476190,true_income=10;reported_income=10,1,1,False,False,-1,misreport
honest,B0,honest-42,0.01190476190476190476190476190,true_income=10;reported_income=10,5,1,False,False,-5,misreport
honest,B0,honest-43,0.01190476190476190476190476190,true_income=10;reported_income=10,10,1,False,False,-10,misreport
honest,B0,honest-44,0.01190476190476190476190476190,true_income=11;reported_income=11,0,1,False,False,0,misreport
honest,B0,honest-45,0.01190476190476190476190476190,true_income=11;reported_income=11,1,1,False,False,-1,misreport
honest,B0,honest-46,0.01190476190476190476190476190,true_income=11;reported_income=11,5,1,False,False,-5,misreport
honest,B0,honest-47,0.01190476190476190476190476190,true_income=11;reported_income=11,10,1,False,False,-10,misreport
honest,B0,honest-48,0.01190476190476190476190476190,true_income=12;reported_income=12,0,1,False,False,0,misreport
honest,B0,honest-49,0.01190476190476190476190476190,true_income=12;reported_income=12,1,1,False,False,-1,misreport
honest,B0,honest-50,0.01190476190476190476190476190,true_income=12;reported_income=12,5,1,False,False,-5,misreport
honest,B0,honest-51,0.01190476190476190476190476190,true_income=12;reported_income=12,10,1,False,False,-10,misreport
honest,B0,honest-52,0.01190476190476190476190476190,true_income=13;reported_income=13,0,1,False,False,0,misreport
honest,B0,honest-53,0.01190476190476190476190476190,true_income=13;reported_income=13,1,1,False,False,-1,misreport
honest,B0,honest-54,0.01190476190476190476190476190,true_income=13;reported_income=13,5,1,False,False,-5,misreport
honest,B0,honest-55,0.01190476190476190476190476190,true_income=13;reported_income=13,10,1,False,False,-10,misreport
honest,B0,honest-56,0.01190476190476190476190476190,true_income=14;reported_income=14,0,1,False,False,0,misreport
honest,B0,honest-57,0.01190476190476190476190476190,true_income=14;reported_income=14,1,1,False,False,-1,misreport
honest,B0,honest-58,0.01190476190476190476190476190,true_income=14;reported_income=14,5,1,False,False,-5,misreport
honest,B0,honest-59,0.01190476190476190476190476190,true_income=14;reported_income=14,10,1,False,False,-10,misreport
honest,B0,honest-60,0.01190476190476190476190476190,true_income=15;reported_income=15,0,1,False,False,0,misreport
honest,B0,honest-61,0.01190476190476190476190476190,true_income=15;reported_income=15,1,1,False,False,-1,misreport
honest,B0,honest-62,0.01190476190476190476190476190,true_income=15;reported_income=15,5,1,False,False,-5,misreport
honest,B0,honest-63,0.01190476190476190476190476190,true_income=15;reported_income=15,10,1,False,False,-10,misreport
honest,B0,honest-64,0.01190476190476190476190476190,true_income=16;reported_income=16,0,1,False,False,0,misreport
honest,B0,honest-65,0.01190476190476190476190476190,true_income=16;reported_income=16,1,1,False,False,-1,misreport
honest,B0,honest-66,0.01190476190476190476190476190,true_income=16;reported_income=16,5,1,False,False,-5,misreport
honest,B0,honest-67,0.01190476190476190476190476190,true_income=16;reported_income=16,10,1,False,False,-10,misreport
honest,B0,honest-68,0.01190476190476190476190476190,true_income=17;reported_income=17,0,1,False,False,0,misreport
honest,B0,honest-69,0.01190476190476190476190476190,true_income=17;reported_income=17,1,1,False,False,-1,misreport
honest,B0,honest-70,0.01190476190476190476190476190,true_income=17;reported_income=17,5,1,False,False,-5,misreport
honest,B0,honest-71,0.01190476190476190476190476190,true_income=17;reported_income=17,10,1,False,False,-10,misreport
honest,B0,honest-72,0.01190476190476190476190476190,true_income=18;reported_income=18,0,1,False,False,0,misreport
honest,B0,honest-73,0.01190476190476190476190476190,true_income=18;reported_income=18,1,1,False,False,-1,misreport
honest,B0,honest-74,0.01190476190476190476190476190,true_income=18;reported_income=18,5,1,False,False,-5,misreport
honest,B0,honest-75,0.01190476190476190476190476190,true_income=18;reported_income=18,10,1,False,False,-10,misreport
honest,B0,honest-76,0.01190476190476190476190476190,true_income=19;reported_income=19,0,1,False,False,0,misreport
honest,B0,honest-77,0.01190476190476190476190476190,true_income=19;reported_income=19,1,1,False,False,-1,misreport
honest,B0,honest-78,0.01190476190476190476190476190,true_income=19;reported_income=19,5,1,False,False,-5,misreport
honest,B0,honest-79,0.01190476190476190476190476190,true_income=19;reported_income=19,10,1,False,False,-10,misreport
honest,B0,honest-80,0.01190476190476190476190476190,true_income=20;reported_income=20,0,1,False,False,0,misreport
honest,B0,honest-81,0.01190476190476190476190476190,true_income=20;reported_income=20,1,1,False,False,-1,misreport
honest,B0,honest-82,0.01190476190476190476190476190,true_income=20;reported_income=20,5,1,False,False,-5,misreport
honest,B0,honest-83,0.01190476190476190476190476190,true_income=20;reported_income=20,10,1,False,False,-10,misreport
honest,B1,honest-0,0.01190476190476190476190476190,true_income=0;reported_income=0,0,1,False,False,0,misreport
honest,B1,honest-1,0.01190476190476190476190476190,true_income=0;reported_income=0,1,1,False,False,-1,misreport
honest,B1,honest-2,0.01190476190476190476190476190,true_income=0;reported_income=0,5,1,False,False,-5,misreport
honest,B1,honest-3,0.01190476190476190476190476190,true_income=0;reported_income=0,10,1,False,False,-10,misreport
honest,B1,honest-4,0.01190476190476190476190476190,true_income=1;reported_income=1,0,1,False,False,0,misreport
honest,B1,honest-5,0.01190476190476190476190476190,true_income=1;reported_income=1,1,1,False,False,-1,misreport
honest,B1,honest-6,0.01190476190476190476190476190,true_income=1;reported_income=1,5,1,False,False,-5,misreport
honest,B1,honest-7,0.01190476190476190476190476190,true_income=1;reported_income=1,10,1,False,False,-10,misreport
honest,B1,honest-8,0.01190476190476190476190476190,true_income=2;reported_income=2,0,1,False,False,0,misreport
honest,B1,honest-9,0.01190476190476190476190476190,true_income=2;reported_income=2,1,1,False,False,-1,misreport
honest,B1,honest-10,0.01190476190476190476190476190,true_income=2;reported_income=2,5,1,False,False,-5,misreport
honest,B1,honest-11,0.01190476190476190476190476190,true_income=2;reported_income=2,10,1,False,False,-10,misreport
honest,B1,honest-12,0.01190476190476190476190476190,true_income=3;reported_income=3,0,1,False,False,0,misreport
honest,B1,honest-13,0.01190476190476190476190476190,true_income=3;reported_income=3,1,1,False,False,-1,misreport
honest,B1,honest-14,0.01190476190476190476190476190,true_income=3;reported_income=3,5,1,False,False,-5,misreport
honest,B1,honest-15,0.01190476190476190476190476190,true_income=3;reported_income=3,10,1,False,False,-10,misreport
honest,B1,honest-16,0.01190476190476190476190476190,true_income=4;reported_income=4,0,1,False,False,0,misreport
honest,B1,honest-17,0.01190476190476190476190476190,true_income=4;reported_income=4,1,1,False,False,-1,misreport
honest,B1,honest-18,0.01190476190476190476190476190,true_income=4;reported_income=4,5,1,False,False,-5,misreport
honest,B1,honest-19,0.01190476190476190476190476190,true_income=4;reported_income=4,10,1,False,False,-10,misreport
honest,B1,honest-20,0.01190476190476190476190476190,true_income=5;reported_income=5,0,1,False,False,0,misreport
honest,B1,honest-21,0.01190476190476190476190476190,true_income=5;reported_income=5,1,1,False,False,-1,misreport
honest,B1,honest-22,0.01190476190476190476190476190,true_income=5;reported_income=5,5,1,False,False,-5,misreport
honest,B1,honest-23,0.01190476190476190476190476190,true_income=5;reported_income=5,10,1,False,False,-10,misreport
honest,B1,honest-24,0.01190476190476190476190476190,true_income=6;reported_income=6,0,1,False,False,0,misreport
honest,B1,honest-25,0.01190476190476190476190476190,true_income=6;reported_income=6,1,1,False,False,-1,misreport
honest,B1,honest-26,0.01190476190476190476190476190,true_income=6;reported_income=6,5,1,False,False,-5,misreport
honest,B1,honest-27,0.01190476190476190476190476190,true_income=6;reported_income=6,10,1,False,False,-10,misreport
honest,B1,honest-28,0.01190476190476190476190476190,true_income=7;reported_income=7,0,1,False,False,0,misreport
honest,B1,honest-29,0.01190476190476190476190476190,true_income=7;reported_income=7,1,1,False,False,-1,misreport
honest,B1,honest-30,0.01190476190476190476190476190,true_income=7;reported_income=7,5,1,False,False,-5,misreport
honest,B1,honest-31,0.01190476190476190476190476190,true_income=7;reported_income=7,10,1,False,False,-10,misreport
honest,B1,honest-32,0.01190476190476190476190476190,true_income=8;reported_income=8,0,1,False,False,0,misreport
honest,B1,honest-33,0.01190476190476190476190476190,true_income=8;reported_income=8,1,1,False,False,-1,misreport
honest,B1,honest-34,0.01190476190476190476190476190,true_income=8;reported_income=8,5,1,False,False,-5,misreport
honest,B1,honest-35,0.01190476190476190476190476190,true_income=8;reported_income=8,10,1,False,False,-10,misreport
honest,B1,honest-36,0.01190476190476190476190476190,true_income=9;reported_income=9,0,1,False,False,0,misreport
honest,B1,honest-37,0.01190476190476190476190476190,true_income=9;reported_income=9,1,1,False,False,-1,misreport
honest,B1,honest-38,0.01190476190476190476190476190,true_income=9;reported_income=9,5,1,False,False,-5,misreport
honest,B1,honest-39,0.01190476190476190476190476190,true_income=9;reported_income=9,10,1,False,False,-10,misreport
honest,B1,honest-40,0.01190476190476190476190476190,true_income=10;reported_income=10,0,1,False,False,0,misreport
honest,B1,honest-41,0.01190476190476190476190476190,true_income=10;reported_income=10,1,1,False,False,-1,misreport
honest,B1,honest-42,0.01190476190476190476190476190,true_income=10;reported_income=10,5,1,False,False,-5,misreport
honest,B1,honest-43,0.01190476190476190476190476190,true_income=10;reported_income=10,10,1,False,False,-10,misreport
honest,B1,honest-44,0.01190476190476190476190476190,true_income=11;reported_income=11,0,1,False,False,0,misreport
honest,B1,honest-45,0.01190476190476190476190476190,true_income=11;reported_income=11,1,1,False,False,-1,misreport
honest,B1,honest-46,0.01190476190476190476190476190,true_income=11;reported_income=11,5,1,False,False,-5,misreport
honest,B1,honest-47,0.01190476190476190476190476190,true_income=11;reported_income=11,10,1,False,False,-10,misreport
honest,B1,honest-48,0.01190476190476190476190476190,true_income=12;reported_income=12,0,1,False,False,0,misreport
honest,B1,honest-49,0.01190476190476190476190476190,true_income=12;reported_income=12,1,1,False,False,-1,misreport
honest,B1,honest-50,0.01190476190476190476190476190,true_income=12;reported_income=12,5,1,False,False,-5,misreport
honest,B1,honest-51,0.01190476190476190476190476190,true_income=12;reported_income=12,10,1,False,False,-10,misreport
honest,B1,honest-52,0.01190476190476190476190476190,true_income=13;reported_income=13,0,1,False,False,0,misreport
honest,B1,honest-53,0.01190476190476190476190476190,true_income=13;reported_income=13,1,1,False,False,-1,misreport
honest,B1,honest-54,0.01190476190476190476190476190,true_income=13;reported_income=13,5,1,False,False,-5,misreport
honest,B1,honest-55,0.01190476190476190476190476190,true_income=13;reported_income=13,10,1,False,False,-10,misreport
honest,B1,honest-56,0.01190476190476190476190476190,true_income=14;reported_income=14,0,1,False,False,0,misreport
honest,B1,honest-57,0.01190476190476190476190476190,true_income=14;reported_income=14,1,1,False,False,-1,misreport
honest,B1,honest-58,0.01190476190476190476190476190,true_income=14;reported_income=14,5,1,False,False,-5,misreport
honest,B1,honest-59,0.01190476190476190476190476190,true_income=14;reported_income=14,10,1,False,False,-10,misreport
honest,B1,honest-60,0.01190476190476190476190476190,true_income=15;reported_income=15,0,1,False,False,0,misreport
honest,B1,honest-61,0.01190476190476190476190476190,true_income=15;reported_income=15,1,1,False,False,-1,misreport
honest,B1,honest-62,0.01190476190476190476190476190,true_income=15;reported_income=15,5,1,False,False,-5,misreport
honest,B1,honest-63,0.01190476190476190476190476190,true_income=15;reported_income=15,10,1,False,False,-10,misreport
honest,B1,honest-64,0.01190476190476190476190476190,true_income=16;reported_income=16,0,1,False,False,0,misreport
honest,B1,honest-65,0.01190476190476190476190476190,true_income=16;reported_income=16,1,1,False,False,-1,misreport
honest,B1,honest-66,0.01190476190476190476190476190,true_income=16;reported_income=16,5,1,False,False,-5,misreport
honest,B1,honest-67,0.01190476190476190476190476190,true_income=16;reported_income=16,10,1,False,False,-10,misreport
honest,B1,honest-68,0.01190476190476190476190476190,true_income=17;reported_income=17,0,1,False,False,0,misreport
honest,B1,honest-69,0.01190476190476190476190476190,true_income=17;reported_income=17,1,1,False,False,-1,misreport
honest,B1,honest-70,0.01190476190476190476190476190,true_income=17;reported_income=17,5,1,False,False,-5,misreport
honest,B1,honest-71,0.01190476190476190476190476190,true_income=17;reported_income=17,10,1,False,False,-10,misreport
honest,B1,honest-72,0.01190476190476190476190476190,true_income=18;reported_income=18,0,1,False,False,0,misreport
honest,B1,honest-73,0.01190476190476190476190476190,true_income=18;reported_income=18,1,1,False,False,-1,misreport
honest,B1,honest-74,0.01190476190476190476190476190,true_income=18;reported_income=18,5,1,False,False,-5,misreport
honest,B1,honest-75,0.01190476190476190476190476190,true_income=18;reported_income=18,10,1,False,False,-10,misreport
honest,B1,honest-76,0.01190476190476190476190476190,true_income=19;reported_income=19,0,1,False,False,0,misreport
honest,B1,honest-77,0.01190476190476190476190476190,true_income=19;reported_income=19,1,1,False,False,-1,misreport
honest,B1,honest-78,0.01190476190476190476190476190,true_income=19;reported_income=19,5,1,False,False,-5,misreport
honest,B1,honest-79,0.01190476190476190476190476190,true_income=19;reported_income=19,10,1,False,False,-10,misreport
honest,B1,honest-80,0.01190476190476190476190476190,true_income=20;reported_income=20,0,1,False,False,0,misreport
honest,B1,honest-81,0.01190476190476190476190476190,true_income=20;reported_income=20,1,1,False,False,-1,misreport
honest,B1,honest-82,0.01190476190476190476190476190,true_income=20;reported_income=20,5,1,False,False,-5,misreport
honest,B1,honest-83,0.01190476190476190476190476190,true_income=20;reported_income=20,10,1,False,False,-10,misreport
honest,B2,honest-0,0.01190476190476190476190476190,true_income=0;reported_income=0,0,1,False,False,0,misreport
honest,B2,honest-1,0.01190476190476190476190476190,true_income=0;reported_income=0,1,1,False,False,-1,misreport
honest,B2,honest-2,0.01190476190476190476190476190,true_income=0;reported_income=0,5,1,False,False,-5,misreport
honest,B2,honest-3,0.01190476190476190476190476190,true_income=0;reported_income=0,10,1,False,False,-10,misreport
honest,B2,honest-4,0.01190476190476190476190476190,true_income=1;reported_income=1,0,1,False,False,0,misreport
honest,B2,honest-5,0.01190476190476190476190476190,true_income=1;reported_income=1,1,1,False,False,-1,misreport
honest,B2,honest-6,0.01190476190476190476190476190,true_income=1;reported_income=1,5,1,False,False,-5,misreport
honest,B2,honest-7,0.01190476190476190476190476190,true_income=1;reported_income=1,10,1,False,False,-10,misreport
honest,B2,honest-8,0.01190476190476190476190476190,true_income=2;reported_income=2,0,1,False,False,0,misreport
honest,B2,honest-9,0.01190476190476190476190476190,true_income=2;reported_income=2,1,1,False,False,-1,misreport
honest,B2,honest-10,0.01190476190476190476190476190,true_income=2;reported_income=2,5,1,False,False,-5,misreport
honest,B2,honest-11,0.01190476190476190476190476190,true_income=2;reported_income=2,10,1,False,False,-10,misreport
honest,B2,honest-12,0.01190476190476190476190476190,true_income=3;reported_income=3,0,1,False,False,0,misreport
honest,B2,honest-13,0.01190476190476190476190476190,true_income=3;reported_income=3,1,1,False,False,-1,misreport
honest,B2,honest-14,0.01190476190476190476190476190,true_income=3;reported_income=3,5,1,False,False,-5,misreport
honest,B2,honest-15,0.01190476190476190476190476190,true_income=3;reported_income=3,10,1,False,False,-10,misreport
honest,B2,honest-16,0.01190476190476190476190476190,true_income=4;reported_income=4,0,1,False,False,0,misreport
honest,B2,honest-17,0.01190476190476190476190476190,true_income=4;reported_income=4,1,1,False,False,-1,misreport
honest,B2,honest-18,0.01190476190476190476190476190,true_income=4;reported_income=4,5,1,False,False,-5,misreport
honest,B2,honest-19,0.01190476190476190476190476190,true_income=4;reported_income=4,10,1,False,False,-10,misreport
honest,B2,honest-20,0.01190476190476190476190476190,true_income=5;reported_income=5,0,1,False,False,0,misreport
honest,B2,honest-21,0.01190476190476190476190476190,true_income=5;reported_income=5,1,1,False,False,-1,misreport
honest,B2,honest-22,0.01190476190476190476190476190,true_income=5;reported_income=5,5,1,False,False,-5,misreport
honest,B2,honest-23,0.01190476190476190476190476190,true_income=5;reported_income=5,10,1,False,False,-10,misreport
honest,B2,honest-24,0.01190476190476190476190476190,true_income=6;reported_income=6,0,1,False,False,0,misreport
honest,B2,honest-25,0.01190476190476190476190476190,true_income=6;reported_income=6,1,1,False,False,-1,misreport
honest,B2,honest-26,0.01190476190476190476190476190,true_income=6;reported_income=6,5,1,False,False,-5,misreport
honest,B2,honest-27,0.01190476190476190476190476190,true_income=6;reported_income=6,10,1,False,False,-10,misreport
honest,B2,honest-28,0.01190476190476190476190476190,true_income=7;reported_income=7,0,1,False,False,0,misreport
honest,B2,honest-29,0.01190476190476190476190476190,true_income=7;reported_income=7,1,1,False,False,-1,misreport
honest,B2,honest-30,0.01190476190476190476190476190,true_income=7;reported_income=7,5,1,False,False,-5,misreport
honest,B2,honest-31,0.01190476190476190476190476190,true_income=7;reported_income=7,10,1,False,False,-10,misreport
honest,B2,honest-32,0.01190476190476190476190476190,true_income=8;reported_income=8,0,1,False,False,0,misreport
honest,B2,honest-33,0.01190476190476190476190476190,true_income=8;reported_income=8,1,1,False,False,-1,misreport
honest,B2,honest-34,0.01190476190476190476190476190,true_income=8;reported_income=8,5,1,False,False,-5,misreport
honest,B2,honest-35,0.01190476190476190476190476190,true_income=8;reported_income=8,10,1,False,False,-10,misreport
honest,B2,honest-36,0.01190476190476190476190476190,true_income=9;reported_income=9,0,1,False,False,0,misreport
honest,B2,honest-37,0.01190476190476190476190476190,true_income=9;reported_income=9,1,1,False,False,-1,misreport
honest,B2,honest-38,0.01190476190476190476190476190,true_income=9;reported_income=9,5,1,False,False,-5,misreport
honest,B2,honest-39,0.01190476190476190476190476190,true_income=9;reported_income=9,10,1,False,False,-10,misreport
honest,B2,honest-40,0.01190476190476190476190476190,true_income=10;reported_income=10,0,1,False,False,0,misreport
honest,B2,honest-41,0.01190476190476190476190476190,true_income=10;reported_income=10,1,1,False,False,-1,misreport
honest,B2,honest-42,0.01190476190476190476190476190,true_income=10;reported_income=10,5,1,False,False,-5,misreport
honest,B2,honest-43,0.01190476190476190476190476190,true_income=10;reported_income=10,10,1,False,False,-10,misreport
honest,B2,honest-44,0.01190476190476190476190476190,true_income=11;reported_income=11,0,1,False,False,0,misreport
honest,B2,honest-45,0.01190476190476190476190476190,true_income=11;reported_income=11,1,1,False,False,-1,misreport
honest,B2,honest-46,0.01190476190476190476190476190,true_income=11;reported_income=11,5,1,False,False,-5,misreport
honest,B2,honest-47,0.01190476190476190476190476190,true_income=11;reported_income=11,10,1,False,False,-10,misreport
honest,B2,honest-48,0.01190476190476190476190476190,true_income=12;reported_income=12,0,1,False,False,0,misreport
honest,B2,honest-49,0.01190476190476190476190476190,true_income=12;reported_income=12,1,1,False,False,-1,misreport
honest,B2,honest-50,0.01190476190476190476190476190,true_income=12;reported_income=12,5,1,False,False,-5,misreport
honest,B2,honest-51,0.01190476190476190476190476190,true_income=12;reported_income=12,10,1,False,False,-10,misreport
honest,B2,honest-52,0.01190476190476190476190476190,true_income=13;reported_income=13,0,1,False,False,0,misreport
honest,B2,honest-53,0.01190476190476190476190476190,true_income=13;reported_income=13,1,1,False,False,-1,misreport
honest,B2,honest-54,0.01190476190476190476190476190,true_income=13;reported_income=13,5,1,False,False,-5,misreport
honest,B2,honest-55,0.01190476190476190476190476190,true_income=13;reported_income=13,10,1,False,False,-10,misreport
honest,B2,honest-56,0.01190476190476190476190476190,true_income=14;reported_income=14,0,1,False,False,0,misreport
honest,B2,honest-57,0.01190476190476190476190476190,true_income=14;reported_income=14,1,1,False,False,-1,misreport
honest,B2,honest-58,0.01190476190476190476190476190,true_income=14;reported_income=14,5,1,False,False,-5,misreport
honest,B2,honest-59,0.01190476190476190476190476190,true_income=14;reported_income=14,10,1,False,False,-10,misreport
honest,B2,honest-60,0.01190476190476190476190476190,true_income=15;reported_income=15,0,1,False,False,0,misreport
honest,B2,honest-61,0.01190476190476190476190476190,true_income=15;reported_income=15,1,1,False,False,-1,misreport
honest,B2,honest-62,0.01190476190476190476190476190,true_income=15;reported_income=15,5,1,False,False,-5,misreport
honest,B2,honest-63,0.01190476190476190476190476190,true_income=15;reported_income=15,10,1,False,False,-10,misreport
honest,B2,honest-64,0.01190476190476190476190476190,true_income=16;reported_income=16,0,1,False,False,0,misreport
honest,B2,honest-65,0.01190476190476190476190476190,true_income=16;reported_income=16,1,1,False,False,-1,misreport
honest,B2,honest-66,0.01190476190476190476190476190,true_income=16;reported_income=16,5,1,False,False,-5,misreport
honest,B2,honest-67,0.01190476190476190476190476190,true_income=16;reported_income=16,10,1,False,False,-10,misreport
honest,B2,honest-68,0.01190476190476190476190476190,true_income=17;reported_income=17,0,1,False,False,0,misreport
honest,B2,honest-69,0.01190476190476190476190476190,true_income=17;reported_income=17,1,1,False,False,-1,misreport
honest,B2,honest-70,0.01190476190476190476190476190,true_income=17;reported_income=17,5,1,False,False,-5,misreport
honest,B2,honest-71,0.01190476190476190476190476190,true_income=17;reported_income=17,10,1,False,False,-10,misreport
honest,B2,honest-72,0.01190476190476190476190476190,true_income=18;reported_income=18,0,1,False,False,0,misreport
honest,B2,honest-73,0.01190476190476190476190476190,true_income=18;reported_income=18,1,1,False,False,-1,misreport
honest,B2,honest-74,0.01190476190476190476190476190,true_income=18;reported_income=18,5,1,False,False,-5,misreport
honest,B2,honest-75,0.01190476190476190476190476190,true_income=18;reported_income=18,10,1,False,False,-10,misreport
honest,B2,honest-76,0.01190476190476190476190476190,true_income=19;reported_income=19,0,1,False,False,0,misreport
honest,B2,honest-77,0.01190476190476190476190476190,true_income=19;reported_income=19,1,1,False,False,-1,misreport
honest,B2,honest-78,0.01190476190476190476190476190,true_income=19;reported_income=19,5,1,False,False,-5,misreport
honest,B2,honest-79,0.01190476190476190476190476190,true_income=19;reported_income=19,10,1,False,False,-10,misreport
honest,B2,honest-80,0.01190476190476190476190476190,true_income=20;reported_income=20,0,1,False,False,0,misreport
honest,B2,honest-81,0.01190476190476190476190476190,true_income=20;reported_income=20,1,1,False,False,-1,misreport
honest,B2,honest-82,0.01190476190476190476190476190,true_income=20;reported_income=20,5,1,False,False,-5,misreport
honest,B2,honest-83,0.01190476190476190476190476190,true_income=20;reported_income=20,10,1,False,False,-10,misreport
